T_measured,T_out,Q_in
20.14901424590337,10.0,0.0
19.946520709648645,10.109074425172805,0.0
20.170451850740413,10.21809693682668,0.0
20.421344588209635,10.327015646150715,0.0
19.88262471488806,10.43577871373829,0.0
19.87120912980403,10.544334374259822,0.0
20.403937522529844,10.652630961100257,0.0
20.149271045363367,10.760616930949583,0.0
19.76720820240221,10.868240888334652,0.0
20.05997075970267,10.975451610080642,0.0
19.747471337419285,11.082198069690515,0.0
19.736212560901258,11.188429461630864,0.0
19.938095166011735,11.294095225512603,0.0
19.28123671763375,11.39914507015496,0.0
19.32759815041213,11.503528997521366,0.0
19.666377387990572,11.607197326515807,0.0
19.52134087107824,11.710100716628343,0.0
19.90972629956849,11.812190191418509,0.0
19.5334409628435,11.91341716182545,0.0
19.372686157870866,12.013733449293685,0.0
20.226732726365146,12.113091308703497,0.0
19.710096469398334,12.211443451095008,0.0
19.789008157860533,12.308743066175168,0.0
19.33237323263378,12.404943844596938,0.0
19.587657046527582,12.5,0.0
19.775547474561435,12.593866290802607,0.0
19.38839453913357,12.686498041734119,0.0
19.83794538437921,12.77785116509801,0.0
19.536707510123335,12.867882181755231,0.0
19.62117217183858,12.956548241817911,0.0
19.520065754641795,13.043807145043603,0.0
20.248273068951374,13.129617360920296,0.0
19.680664879474097,13.213938048432697,0.0
19.35963583701055,13.296729075500345,0.0
19.916056325280042,13.3779510380783,0.0
19.295490146481495,13.457565278911346,0.0
19.716957306419154,13.535533905932738,0.0
19.059054673567417,13.611819810298778,0.0
19.2412577329813,13.68638668405062,0.0
19.691627926175247,13.759199037394886,0.0
19.84706148479151,13.83022221559489,0.0
19.66997763599564,13.899422415464409,0.0
19.577009693238768,13.966766701456176,0.0
19.514599144306654,14.032223021337412,0.0
19.15468640719524,14.095760221444959,0.0
19.37568676244762,14.157348061512726,0.0
19.446927243321955,14.216957229064427,0.0
19.89581374850091,14.274559353364733,0.0
19.675397626233046,14.330127018922193,0.0
19.03710947060916,14.383633778537538,0.0
19.65702784275,14.43505416589111,5000.0
34.43812826962342,14.48436370766344,5000.0
49.32649320656122,14.53153893518325,5000.0
64.67107505625951,14.576557395597234,5000.0
79.73697880862721,14.619397662556434,5000.0
94.62929305006611,14.660039346413992,5000.0
109.00251591376295,14.69846310392954,5000.0
124.04805047629421,14.734650647475528,5000.0
139.10890582222078,14.768584753741134,5000.0
154.15310120048954,14.800249271929644,5000.0
168.54981316493075,14.82962913144534,5000.0
183.4532310197194,14.856710349066308,5000.0
197.97464555848035,14.881480035599667,5000.0
212.72757398423985,14.903926402016152,5000.0
228.092374706699,14.92403876506104,5000.0
242.99997947471806,14.941807552338803,5000.0
257.29832286977614,14.957224306869051,5000.0
272.33015053369866,14.970281691111598,5000.0
286.82911090107746,14.980973490458727,5000.0
301.20099659125793,14.989294616193018,5000.0
316.15926491381026,14.995241107909289,5000.0
331.1509904759484,14.998810135399545,5000.0
345.3000027710309,15.0,5000.0
360.3837707788088,14.998810135399545,5000.0
373.71455546978166,14.995241107909289,5000.0
389.3156434668494,14.989294616193018,5000.0
403.64629110228907,14.980973490458727,5000.0
418.06410773248825,14.970281691111598,5000.0
432.69751793669286,14.957224306869053,5000.0
446.5724637108757,14.941807552338803,5000.0
461.5841605067052,14.92403876506104,5000.0
476.22112461654035,14.903926402016152,5000.0
491.0039069811776,14.881480035599667,5000.0
504.8342428317945,14.856710349066308,5000.0
519.1590162001507,14.82962913144534,5000.0
533.645550845764,14.800249271929644,5000.0
548.4479035997256,14.768584753741134,5000.0
562.63182265946,14.73465064747553,5000.0
576.716911009417,14.698463103929543,5000.0
591.3552064493213,14.660039346413992,5000.0
605.538500059944,14.619397662556434,5000.0
620.0909023173404,14.576557395597236,5000.0
633.8634243903078,14.53153893518325,5000.0
648.2322906728317,14.48436370766344,5000.0
662.4523414001404,14.435054165891108,5000.0
676.3531574580242,14.38363377853754,5000.0
691.0861577317866,14.330127018922195,5000.0
705.2636375967654,14.274559353364733,5000.0
719.35776213811,14.21695722906443,5000.0
733.4396848360583,14.157348061512725,5000.0
747.2222264979582,14.095760221444959,5000.0
761.6403828307448,14.032223021337412,5000.0
775.7664808485289,13.966766701456176,5000.0
789.714328988518,13.89942241546441,5000.0
803.9753597480801,13.83022221559489,5000.0
818.196728490729,13.759199037394886,5000.0
832.6761894270123,13.686386684050621,5000.0
846.1805982641316,13.611819810298778,5000.0
860.2064703513669,13.535533905932738,5000.0
874.0909590538263,13.457565278911346,5000.0
887.5048745909069,13.3779510380783,5000.0
902.022908726961,13.296729075500345,5000.0
915.9824509920012,13.213938048432698,5000.0
930.6200540301077,13.129617360920296,5000.0
943.7232713500853,13.043807145043605,5000.0
957.7545592352263,12.956548241817911,5000.0
971.5200324454657,12.86788218175523,5000.0
985.0294474885379,12.77785116509801,5000.0
999.5557751044967,12.68649804173412,5000.0
1013.2546764536861,12.593866290802609,5000.0
1027.0658838516893,12.500000000000002,5000.0
1040.3385637420167,12.404943844596938,5000.0
1054.7983705483755,12.30874306617517,5000.0
1067.7064943892303,12.211443451095008,5000.0
1082.0360081086997,12.113091308703497,5000.0
1096.2333914366966,12.013733449293687,5000.0
1108.9788188258547,11.91341716182545,5000.0
1122.7892553294391,11.812190191418509,5000.0
1136.655663712498,11.710100716628345,5000.0
1150.1248268056333,11.60719732651581,5000.0
1163.4442680659379,11.503528997521366,5000.0
1177.5471488619821,11.39914507015496,5000.0
1190.8085359335432,11.294095225512603,5000.0
1204.8535050186651,11.188429461630866,5000.0
1218.003372421811,11.082198069690516,5000.0
1232.2955436116395,10.975451610080643,5000.0
1245.1305611684172,10.868240888334652,5000.0
1258.787521945735,10.760616930949583,5000.0
1272.6304473376442,10.652630961100257,5000.0
1285.5030523640496,10.544334374259822,5000.0
1299.4101560666193,10.43577871373829,5000.0
1313.187373545276,10.327015646150718,5000.0
1325.7500238905354,10.218096936826681,5000.0
1339.7084420121546,10.109074425172807,5000.0
1353.1355639199542,10.0,5000.0
1366.6804768243148,9.890925574827195,5000.0
1379.4469787442529,9.78190306317332,5000.0
1392.7778835805177,9.672984353849284,5000.0
1406.6704017906752,9.564221286261711,5000.0
1419.9265752053184,9.455665625740178,5000.0
1433.2201694814391,9.347369038899743,0.0
1431.5403989060796,9.239383069050419,0.0
1429.525820529108,9.13175911166535,0.0
1428.0947863721292,9.024548389919358,0.0
1426.4102313307228,8.917801930309485,0.0
1424.4071187541351,8.811570538369134,0.0
1423.482184708517,8.705904774487399,0.0
1421.3675423743505,8.600854929845042,0.0
1419.1728520038344,8.496471002478636,0.0
1418.0339686091245,8.392802673484193,0.0
1415.8532649856427,8.289899283371657,0.0
1414.6923679435895,8.187809808581493,0.0
1413.1162991168642,8.086582838174552,0.0
1410.8368971825307,7.986266550706315,0.0
1409.6883985144166,7.886908691296505,0.0
1407.841404981343,7.788556548904996,0.0
1406.284273934275,7.691256933824829,0.0
1404.92867810233,7.595056155403061,0.0
1402.6099062718704,7.5,0.0
1400.783181630116,7.406133709197392,0.0
1399.0701243480114,7.3135019582658805,0.0
1397.4218074193468,7.22214883490199,0.0
1395.9748867100084,7.132117818244771,0.0
1394.4337237359923,7.04345175818209,0.0
1392.7496398716837,6.956192854956399,0.0
1391.2519350788632,6.870382639079706,0.0
1389.3467205947575,6.786061951567305,0.0
1388.1198121406508,6.703270924499654,0.0
1385.9471782903404,6.622048961921699,0.0
1385.1873406586349,6.542434721088654,0.0
1382.9055954867624,6.464466094067262,0.0
1380.809243900482,6.388180189701222,0.0
1379.0955095648153,6.313613315949381,0.0
1377.9137952420087,6.240800962605114,0.0
1376.0561807787724,6.1697777844051105,0.0
1374.6934756324017,6.100577584535593,0.0
1372.9791923340667,6.033233298543825,0.0
1371.1752075875997,5.967776978662586,0.0
1369.3047430108368,5.90423977855504,0.0
1367.4679415092344,5.842651938487274,0.0
1366.1539454985343,5.783042770935572,0.0
1364.9122137937954,5.725440646635267,0.0
1363.0888064545268,5.669872981077807,0.0
1361.022031051254,5.616366221462462,0.0
1359.8207716988668,5.564945834108893,0.0
1358.2593679891256,5.515636292336559,0.0
1356.2554617805672,5.4684610648167515,0.0
1354.9454739536752,5.423442604402765,0.0
1353.2974479408442,5.380602337443566,0.0
1351.3196149763758,5.339960653586008,0.0
1350.1542552193348,5.301536896070457,3000.0
1357.6014599106024,5.265349352524472,3000.0
1365.1355384754045,5.231415246258865,3000.0
1372.495268668635,5.199750728070357,3000.0
1379.1254519898473,5.1703708685546585,3000.0
1386.608163229942,5.143289650933694,3000.0
1394.38592585677,5.118519964400335,3000.0
1401.7186155875063,5.096073597983849,3000.0
1409.0432320206794,5.07596123493896,3000.0
1417.3599618542082,5.058192447661196,3000.0
1423.6820344202686,5.042775693130948,3000.0
1431.1492753692262,5.029718308888402,3000.0
1438.383871541378,5.0190265095412725,3000.0
1445.5733940143184,5.010705383806982,3000.0
1452.5549551400284,5.004758892090711,3000.0
1460.140052947143,5.0011898646004544,3000.0
1466.934621209854,5.0,3000.0
1474.3408234296642,5.0011898646004544,3000.0
1481.502967132361,5.004758892090711,3000.0
1488.90116585776,5.010705383806982,3000.0
1496.7903621080677,5.0190265095412725,3000.0
1502.7464926546538,5.029718308888402,3000.0
1510.7146179248593,5.042775693130947,3000.0
1517.2183659493805,5.058192447661197,3000.0
1524.745428365085,5.075961234938959,3000.0
1532.3899198478841,5.096073597983848,3000.0
1539.2501580812377,5.118519964400333,3000.0
1546.0666158171969,5.143289650933693,3000.0
1553.3258521582782,5.170370868554658,3000.0
1560.8862785088536,5.199750728070355,3000.0
1567.5967100165108,5.231415246258866,3000.0
1575.0056562971888,5.2653493525244714,3000.0
1582.0707798290439,5.301536896070458,3000.0
1588.9695214871338,5.339960653586007,3000.0
1596.9075947690878,5.380602337443567,3000.0
1603.5455266779397,5.423442604402764,3000.0
1609.830289905207,5.468461064816749,3000.0
1617.5678057296957,5.515636292336558,3000.0
1624.3789380160629,5.56494583410889,3000.0
1631.8903889221865,5.61636622146246,3000.0
1638.4456807489776,5.669872981077805,3000.0
1645.68939976128,5.725440646635269,3000.0
1652.9073188213576,5.783042770935571,3000.0
1660.0391818600745,5.842651938487273,3000.0
1666.4346422156707,5.904239778555041,3000.0
1673.7013121774041,5.967776978662585,3000.0
1680.6577782921247,6.033233298543824,3000.0
1687.5945426813964,6.100577584535589,3000.0
1695.302149766613,6.16977778440511,3000.0
1701.8676847249646,6.240800962605111,3000.0
1708.333318558277,6.313613315949379,0.0
1706.9440647641795,6.388180189701223,0.0
1705.2650164079785,6.464466094067261,0.0
1702.9003124428941,6.542434721088654,0.0
1700.0995041091703,6.622048961921697,0.0
1698.3773249577323,6.703270924499656,0.0
1696.8724853352421,6.7860619515673015,0.0
1694.2524635307536,6.870382639079705,0.0
1692.5727969408056,6.956192854956395,0.0
1690.6494611784815,7.043451758182085,0.0
1688.1189434779342,7.132117818244767,0.0
1686.3616471268276,7.222148834901985,0.0
1683.392135704547,7.313501958265883,0.0
1682.0447383974295,7.406133709197393,0.0
1680.266349139235,7.500000000000002,0.0
1677.9603740865618,7.595056155403061,0.0
1676.8195448488677,7.691256933824828,0.0
1673.8984127668714,7.788556548904992,0.0
1672.195595155893,7.8869086912965,0.0
1670.369501835315,7.986266550706313,0.0
1668.7678488331153,8.086582838174548,0.0
1665.912409540232,8.187809808581491,0.0
1664.7023308811797,8.289899283371657,0.0
1662.3691754948727,8.39280267348419,0.0
1660.0868850177687,8.496471002478636,0.0
1658.5377068154294,8.600854929845038,0.0
1656.4790358168102,8.705904774487397,0.0
1654.2619967492303,8.811570538369132,0.0
1652.488245848346,8.917801930309485,0.0
1650.3794517398394,9.024548389919357,0.0
1648.5593364255587,9.131759111665348,0.0
1646.7566481978072,9.239383069050414,0.0
1645.0690316891828,9.347369038899737,0.0
1642.2595869655645,9.45566562574018,0.0
1641.3110313084221,9.56422128626171,0.0
1638.1281666761565,9.672984353849285,0.0
1636.713408517108,9.781903063173319,0.0
1634.9830667583853,9.890925574827195,0.0
