time,/TM023_0_21_1125/Lon/Net/LAB01_QMV01/Kamstrup_HEAT_KMP_TAC/Node Object [0]/Space_heating_LAB01_energy,/TM023_0_21_1125/Lon/Net/LAB01_QMV01/Kamstrup_HEAT_KMP_TAC/Node Object [0]/Space_heating_LAB01_volume,/TM023_0_21_1125/Lon/Net/LAB01_QMV01/Kamstrup_HEAT_KMP_TAC/Node Object [0]/Space_heating_LAB01_power,/TM023_0_21_1125/Lon/Net/LAB01_QMV01/Kamstrup_HEAT_KMP_TAC/Node Object [0]/Space_heating_LAB01_flow,/TM023_0_21_1125/Lon/Net/LAB01_QMV01/Kamstrup_HEAT_KMP_TAC/Node Object [0]/Space_heating_LAB01_supply_temperature,/TM023_0_21_1125/Lon/Net/LAB01_QMV01/Kamstrup_HEAT_KMP_TAC/Node Object [0]/Space_heating_LAB01_return_temperature,/TM023_0_21_1125/Lon/Net/LAB01_QMV01/Kamstrup_HEAT_KMP_TAC/Node Object [0]/Space_heating_LAB01_operation_hours
2024-01-01 00:01:00,264489984.0,5667000.0,11300.0,0.0558333322,72.8899993896,23.1399993896,64826.0
2024-01-01 00:02:00,264489984.0,5667000.0,12100.0,0.0577777773,72.8899993896,23.1399993896,64826.0
2024-01-01 00:03:00,264489984.0,5667000.0,11300.0,0.0577777773,72.8899993896,23.1399993896,64826.0
2024-01-01 00:04:00,264489984.0,5667000.0,11300.0,0.0577777773,72.8899993896,23.1399993896,64826.0
2024-01-01 00:05:00,264489984.0,5667000.0,11300.0,0.0577777773,72.8899993896,23.1399993896,64826.0
2024-01-01 00:06:00,264489984.0,5667000.0,11700.0,0.0577777773,72.8899993896,23.1399993896,64826.0
2024-01-01 00:07:00,264489984.0,5667000.0,12100.0,0.0577777773,72.8899993896,23.1399993896,64826.0
2024-01-01 00:08:00,264489984.0,5667000.0,12100.0,0.0577777773,72.8899993896,23.1399993896,64826.0
2024-01-01 00:09:00,264489984.0,5667000.0,11700.0,0.0577777773,73.0899963379,23.3400001526,64826.0
2024-01-01 00:10:00,264489984.0,5667000.0,11700.0,0.0599999987,73.0899963379,23.3400001526,64826.0
2024-01-01 00:11:00,264489984.0,5667000.0,11700.0,0.061944443700000004,73.0899963379,23.3400001526,64826.0
2024-01-01 00:12:00,264489984.0,5667000.0,11700.0,0.0599999987,73.0899963379,23.3400001526,64826.0
2024-01-01 00:13:00,264489984.0,5667000.0,12100.0,0.0577777773,73.0899963379,23.3400001526,64826.0
2024-01-01 00:14:00,264489984.0,5667000.0,12100.0,0.0599999987,73.0899963379,23.3400001526,64826.0
2024-01-01 00:15:00,264489984.0,5667000.0,12100.0,0.0599999987,73.0899963379,23.3400001526,64826.0
2024-01-01 00:16:00,264489984.0,5667000.0,12100.0,0.0599999987,73.0899963379,23.3400001526,64826.0
2024-01-01 00:17:00,264489984.0,5667000.0,12100.0,0.0577777773,73.0899963379,23.3400001526,64826.0
2024-01-01 00:18:00,264489984.0,5667000.0,11300.0,0.0558333322,73.0899963379,23.3400001526,64826.0
2024-01-01 00:19:00,264489984.0,5667000.0,11600.0,0.0558333322,72.8399963379,23.5599994659,64826.0
2024-01-01 00:20:00,264489984.0,5667000.0,11200.0,0.0577777773,72.8399963379,23.5599994659,64826.0
2024-01-01 00:21:00,264489984.0,5667000.0,11200.0,0.0558333322,72.8399963379,23.5599994659,64826.0
2024-01-01 00:22:00,264489984.0,5667000.0,11200.0,0.0558333322,72.8399963379,23.5599994659,64826.0
2024-01-01 00:23:00,264489984.0,5667000.0,11200.0,0.0558333322,72.8399963379,23.5599994659,64826.0
2024-01-01 00:24:00,264500000.0,5667100.0,11200.0,0.0538888872,72.6999969482,23.2000007629,64826.0
2024-01-01 00:25:00,264500000.0,5667100.0,10800.0,0.0538888872,72.6999969482,23.1399993896,64826.0
2024-01-01 00:26:00,264500000.0,5667100.0,10800.0,0.0538888872,72.6999969482,23.1399993896,64826.0
2024-01-01 00:27:00,264500000.0,5667100.0,10800.0,0.0558333322,72.6999969482,23.1399993896,64826.0
2024-01-01 00:28:00,264500000.0,5667100.0,11600.0,0.0558333322,72.6999969482,23.1399993896,64826.0
2024-01-01 00:29:00,264500000.0,5667100.0,11600.0,0.0577777773,72.6999969482,23.1399993896,64826.0
2024-01-01 00:30:00,264500000.0,5667100.0,11600.0,0.0577777773,72.6999969482,23.1399993896,64826.0
2024-01-01 00:31:00,264500000.0,5667100.0,12100.0,0.0599999987,72.6999969482,23.1399993896,64826.0
2024-01-01 00:32:00,264500000.0,5667100.0,12100.0,0.0599999987,72.6999969482,23.1399993896,64826.0
2024-01-01 00:33:00,264500000.0,5667100.0,11600.0,0.0577777773,72.6999969482,23.1399993896,64826.0
2024-01-01 00:34:00,264500000.0,5667100.0,12100.0,0.0599999987,72.6999969482,23.1399993896,64826.0
2024-01-01 00:35:00,264500000.0,5667100.0,12400.0,0.061944443700000004,72.6200027466,23.4200000763,64826.0
2024-01-01 00:36:00,264500000.0,5667100.0,12400.0,0.061944443700000004,72.6200027466,23.4200000763,64827.0
2024-01-01 00:37:00,264500000.0,5667100.0,12000.0,0.0599999987,72.6200027466,23.4200000763,64827.0
2024-01-01 00:38:00,264500000.0,5667100.0,12400.0,0.061944443700000004,72.6200027466,23.4200000763,64827.0
2024-01-01 00:39:00,264500000.0,5667100.0,12000.0,0.0599999987,72.6200027466,23.4200000763,64827.0
2024-01-01 00:40:00,264500000.0,5667100.0,11500.0,0.0577777773,72.6200027466,23.4200000763,64827.0
2024-01-01 00:41:00,264500000.0,5667100.0,11200.0,0.0558333322,72.6200027466,23.4200000763,64827.0
2024-01-01 00:42:00,264500000.0,5667100.0,11500.0,0.0577777773,72.6200027466,23.4200000763,64827.0
2024-01-01 00:43:00,264500000.0,5667100.0,11500.0,0.0577777773,72.6200027466,23.4200000763,64827.0
2024-01-01 00:44:00,264500000.0,5667100.0,11500.0,0.0577777773,72.6200027466,23.4200000763,64827.0
2024-01-01 00:45:00,264500000.0,5667100.0,11500.0,0.0577777773,72.5,23.3099994659,64827.0
2024-01-01 00:46:00,264500000.0,5667100.0,11500.0,0.0577777773,72.5,23.3099994659,64827.0
2024-01-01 00:47:00,264500000.0,5667100.0,11500.0,0.0577777773,72.5,23.3099994659,64827.0
2024-01-01 00:48:00,264500000.0,5667100.0,11200.0,0.0558333322,72.5,23.3099994659,64827.0
2024-01-01 00:49:00,264500000.0,5667100.0,11200.0,0.0558333322,72.5,23.3099994659,64827.0
2024-01-01 00:50:00,264500000.0,5667100.0,11200.0,0.0558333322,72.5,23.3099994659,64827.0
2024-01-01 00:51:00,264500000.0,5667100.0,11200.0,0.0558333322,72.5,23.3099994659,64827.0
2024-01-01 00:52:00,264500000.0,5667100.0,10800.0,0.0538888872,72.5,23.3099994659,64827.0
2024-01-01 00:53:00,264500000.0,5667200.0,11200.0,0.0558333322,72.4599990845,23.0799999237,64827.0
2024-01-01 00:54:00,264500000.0,5667200.0,11200.0,0.0558333322,72.4599990845,23.0799999237,64827.0
2024-01-01 00:55:00,264500000.0,5667200.0,11600.0,0.0577777773,72.4599990845,23.0300006866,64827.0
2024-01-01 00:56:00,264500000.0,5667200.0,11600.0,0.0577777773,72.4599990845,23.0300006866,64827.0
2024-01-01 00:57:00,264500000.0,5667200.0,11200.0,0.0558333322,72.4599990845,23.0300006866,64827.0
2024-01-01 00:58:00,264500000.0,5667200.0,12100.0,0.0599999987,72.4599990845,23.0300006866,64827.0
2024-01-01 00:59:00,264500000.0,5667200.0,11600.0,0.0577777773,72.4599990845,23.0300006866,64827.0
2024-01-01 01:00:00,264500000.0,5667200.0,11600.0,0.0577777773,72.4599990845,23.0300006866,64827.0
2024-01-01 01:01:00,264500000.0,5667200.0,12100.0,0.0599999987,72.4599990845,23.0300006866,64827.0
2024-01-01 01:02:00,264500000.0,5667200.0,11600.0,0.0577777773,72.4599990845,23.0300006866,64827.0
2024-01-01 01:03:00,264500000.0,5667200.0,12100.0,0.0599999987,72.4599990845,23.0300006866,64827.0
2024-01-01 01:04:00,264500000.0,5667200.0,12100.0,0.0599999987,72.4599990845,23.0300006866,64827.0
2024-01-01 01:05:00,264500000.0,5667200.0,12000.0,0.0599999987,72.5899963379,23.4699993134,64827.0
2024-01-01 01:06:00,264500000.0,5667200.0,12000.0,0.0599999987,72.5899963379,23.4699993134,64827.0
2024-01-01 01:07:00,264500000.0,5667200.0,12000.0,0.0599999987,72.5899963379,23.4699993134,64827.0
2024-01-01 01:08:00,264500000.0,5667200.0,11500.0,0.0577777773,72.5899963379,23.4699993134,64827.0
2024-01-01 01:09:00,264500000.0,5667200.0,11500.0,0.0577777773,72.5899963379,23.4699993134,64827.0
2024-01-01 01:10:00,264500000.0,5667200.0,11500.0,0.0577777773,72.5899963379,23.4699993134,64827.0
2024-01-01 01:11:00,264500000.0,5667200.0,11500.0,0.0577777773,72.5899963379,23.4699993134,64827.0
2024-01-01 01:12:00,264500000.0,5667200.0,11100.0,0.0558333322,72.5899963379,23.4699993134,64827.0
2024-01-01 01:13:00,264500000.0,5667200.0,11100.0,0.0558333322,72.5899963379,23.4699993134,64827.0
2024-01-01 01:14:00,264500000.0,5667200.0,11100.0,0.0558333322,72.5899963379,23.4699993134,64827.0
2024-01-01 01:15:00,264500000.0,5667200.0,10800.0,0.0538888872,72.6399993896,23.2999992371,64827.0
2024-01-01 01:16:00,264500000.0,5667200.0,11200.0,0.0558333322,72.6399993896,23.2999992371,64827.0
2024-01-01 01:17:00,264500000.0,5667200.0,11200.0,0.0558333322,72.6399993896,23.2999992371,64827.0
2024-01-01 01:18:00,264500000.0,5667200.0,10800.0,0.0538888872,72.6399993896,23.2999992371,64827.0
2024-01-01 01:19:00,264500000.0,5667200.0,11200.0,0.0558333322,72.6399993896,23.2999992371,64827.0
2024-01-01 01:20:00,264500000.0,5667200.0,11200.0,0.0558333322,72.6399993896,23.2999992371,64827.0
2024-01-01 01:21:00,264500000.0,5667200.0,11200.0,0.0558333322,72.6399993896,23.2999992371,64827.0
2024-01-01 01:22:00,264510016.0,5667300.0,10900.0,0.0538888872,72.6999969482,23.0799999237,64827.0
2024-01-01 01:23:00,264510016.0,5667300.0,10900.0,0.0538888872,72.6999969482,23.0799999237,64827.0
2024-01-01 01:24:00,264510016.0,5667300.0,11600.0,0.0577777773,72.6999969482,23.0799999237,64827.0
2024-01-01 01:25:00,264510016.0,5667300.0,12100.0,0.0599999987,72.6299972534,23.0200004578,64827.0
2024-01-01 01:26:00,264510016.0,5667300.0,11600.0,0.0577777773,72.6299972534,23.0200004578,64827.0
2024-01-01 01:27:00,264510016.0,5667300.0,11600.0,0.0577777773,72.6299972534,23.0200004578,64827.0
2024-01-01 01:28:00,264510016.0,5667300.0,11600.0,0.0577777773,72.6299972534,23.0200004578,64827.0
2024-01-01 01:29:00,264510016.0,5667300.0,11600.0,0.0599999987,72.6299972534,23.0200004578,64827.0
2024-01-01 01:30:00,264510016.0,5667300.0,11600.0,0.0577777773,72.6299972534,23.0200004578,64827.0
2024-01-01 01:31:00,264510016.0,5667300.0,12100.0,0.0599999987,72.6299972534,23.0200004578,64827.0
2024-01-01 01:32:00,264510016.0,5667300.0,12100.0,0.0599999987,72.6299972534,23.0200004578,64827.0
2024-01-01 01:33:00,264510016.0,5667300.0,12100.0,0.0599999987,72.6299972534,23.0200004578,64827.0
2024-01-01 01:34:00,264510016.0,5667300.0,12500.0,0.061944443700000004,72.6299972534,23.0200004578,64827.0
2024-01-01 01:35:00,264510016.0,5667300.0,11900.0,0.061944443700000004,72.2399978638,23.4500007629,64827.0
2024-01-01 01:36:00,264510016.0,5667300.0,11900.0,0.0599999987,72.2399978638,23.4500007629,64828.0
2024-01-01 01:37:00,264510016.0,5667300.0,11100.0,0.0558333322,72.2399978638,23.4500007629,64828.0
2024-01-01 01:38:00,264510016.0,5667300.0,11100.0,0.0558333322,72.2399978638,23.4500007629,64828.0
2024-01-01 01:39:00,264510016.0,5667300.0,11100.0,0.0558333322,72.2399978638,23.4500007629,64828.0
2024-01-01 01:40:00,264510016.0,5667300.0,11100.0,0.0558333322,72.2399978638,23.4500007629,64828.0
2024-01-01 01:41:00,264510016.0,5667300.0,11100.0,0.0558333322,72.2399978638,23.4500007629,64828.0
2024-01-01 01:42:00,264510016.0,5667300.0,10700.0,0.0558333322,72.2399978638,23.4500007629,64828.0
2024-01-01 01:43:00,264510016.0,5667300.0,11100.0,0.0558333322,72.2399978638,23.4500007629,64828.0
2024-01-01 01:44:00,264510016.0,5667300.0,11100.0,0.0558333322,72.2399978638,23.4500007629,64828.0
2024-01-01 01:45:00,264510016.0,5667300.0,10700.0,0.0558333322,71.9199981689,23.0799999237,64828.0
2024-01-01 01:46:00,264510016.0,5667300.0,11100.0,0.0558333322,71.9199981689,23.0799999237,64828.0
2024-01-01 01:47:00,264510016.0,5667300.0,11100.0,0.0577777773,71.9199981689,23.0799999237,64828.0
2024-01-01 01:48:00,264510016.0,5667300.0,11500.0,0.0577777773,71.9199981689,23.0799999237,64828.0
2024-01-01 01:49:00,264510016.0,5667300.0,11900.0,0.0599999987,71.9199981689,23.0799999237,64828.0
2024-01-01 01:50:00,264510016.0,5667300.0,11900.0,0.0599999987,71.9199981689,23.0799999237,64828.0
2024-01-01 01:51:00,264510016.0,5667400.0,11800.0,0.0599999987,71.7300033569,23.1700000763,64828.0
2024-01-01 01:52:00,264510016.0,5667400.0,11800.0,0.0599999987,71.7300033569,23.1700000763,64828.0
2024-01-01 01:53:00,264510016.0,5667400.0,11400.0,0.0599999987,71.7300033569,23.1700000763,64828.0
2024-01-01 01:54:00,264510016.0,5667400.0,11300.0,0.0599999987,71.7300033569,23.1700000763,64828.0
2024-01-01 01:55:00,264510016.0,5667400.0,11800.0,0.0599999987,71.5999984741,23.3500003815,64828.0
2024-01-01 01:56:00,264510016.0,5667400.0,11800.0,0.0577777773,71.5999984741,23.3500003815,64828.0
2024-01-01 01:57:00,264510016.0,5667400.0,11800.0,0.0599999987,71.5999984741,23.3500003815,64828.0
2024-01-01 01:58:00,264510016.0,5667400.0,11800.0,0.0599999987,71.5999984741,23.3500003815,64828.0
2024-01-01 01:59:00,264510016.0,5667400.0,11800.0,0.0599999987,71.5999984741,23.3500003815,64828.0
2024-01-01 02:00:00,264510016.0,5667400.0,12200.0,0.0599999987,71.5999984741,23.3500003815,64828.0
2024-01-01 02:01:00,264510016.0,5667400.0,75600.0,0.1538888961,71.5999984741,23.3500003815,64828.0
2024-01-01 02:02:00,264510016.0,5667400.0,23100.0,0.4058333337,71.5999984741,23.3500003815,64828.0
2024-01-01 02:03:00,264510016.0,5667400.0,0.0,0.0019444445,71.5999984741,23.3500003815,64828.0
2024-01-01 02:04:00,264510016.0,5667400.0,0.0,0.0,71.5999984741,23.3500003815,64828.0
2024-01-01 02:05:00,264510016.0,5667400.0,0.0,0.0,71.4800033569,29.6599998474,64828.0
2024-01-01 02:06:00,264510016.0,5667400.0,0.0,0.0,71.4800033569,29.6599998474,64828.0
2024-01-01 02:07:00,264510016.0,5667400.0,0.0,0.0,71.4800033569,29.6599998474,64828.0
2024-01-01 02:08:00,264510016.0,5667400.0,0.0,0.0,71.4800033569,29.6599998474,64828.0
2024-01-01 02:09:00,264510016.0,5667400.0,0.0,0.0,71.4800033569,29.6599998474,64828.0
2024-01-01 02:10:00,264510016.0,5667400.0,5700.0,0.0219444446,71.4800033569,29.6599998474,64828.0
2024-01-01 02:11:00,264510016.0,5667400.0,9800.0,0.0458333343,71.4800033569,29.6599998474,64828.0
2024-01-01 02:12:00,264510016.0,5667400.0,12600.0,0.0658333302,71.4800033569,29.6599998474,64828.0
2024-01-01 02:13:00,264510016.0,5667400.0,13600.0,0.0777777806,71.4800033569,29.6599998474,64828.0
2024-01-01 02:14:00,264510016.0,5667400.0,14900.0,0.0777777806,71.4800033569,29.6599998474,64828.0
2024-01-01 02:15:00,264510016.0,5667400.0,13200.0,0.0719444454,71.5,22.0799999237,64828.0
2024-01-01 02:16:00,264510016.0,5667400.0,11600.0,0.061944443700000004,71.5,22.0799999237,64828.0
2024-01-01 02:17:00,264510016.0,5667400.0,9600.0,0.0519444458,71.5,22.0799999237,64828.0
2024-01-01 02:18:00,264510016.0,5667400.0,9600.0,0.047777779400000005,71.5,22.0799999237,64828.0
2024-01-01 02:19:00,264519984.0,5667500.0,9300.0,0.0458333343,71.5299987793,23.4500007629,64828.0
2024-01-01 02:20:00,264519984.0,5667500.0,9800.0,0.047777779400000005,71.5299987793,23.4500007629,64828.0
2024-01-01 02:21:00,264519984.0,5667500.0,10900.0,0.0538888872,71.5299987793,23.4500007629,64828.0
2024-01-01 02:22:00,264519984.0,5667500.0,11300.0,0.0577777773,71.5299987793,23.4500007629,64828.0
2024-01-01 02:23:00,264519984.0,5667500.0,12100.0,0.061944443700000004,71.5299987793,23.4500007629,64828.0
2024-01-01 02:24:00,264519984.0,5667500.0,12200.0,0.061944443700000004,71.5299987793,23.4500007629,64828.0
2024-01-01 02:25:00,264519984.0,5667500.0,11800.0,0.061944443700000004,71.4599990845,22.9400005341,64828.0
2024-01-01 02:26:00,264519984.0,5667500.0,11800.0,0.0599999987,71.4599990845,22.9400005341,64828.0
2024-01-01 02:27:00,264519984.0,5667500.0,11800.0,0.0599999987,71.4599990845,22.9400005341,64828.0
2024-01-01 02:28:00,264519984.0,5667500.0,11400.0,0.0577777773,71.4599990845,22.9400005341,64828.0
2024-01-01 02:29:00,264519984.0,5667500.0,11400.0,0.0599999987,71.4599990845,22.9400005341,64828.0
2024-01-01 02:30:00,264519984.0,5667500.0,11400.0,0.0577777773,71.4599990845,22.9400005341,64828.0
2024-01-01 02:31:00,264519984.0,5667500.0,11800.0,0.0577777773,71.4599990845,22.9400005341,64828.0
2024-01-01 02:32:00,264519984.0,5667500.0,11400.0,0.0577777773,71.4599990845,22.9400005341,64828.0
2024-01-01 02:33:00,264519984.0,5667500.0,11400.0,0.0577777773,71.4599990845,22.9400005341,64828.0
2024-01-01 02:34:00,264519984.0,5667500.0,11300.0,0.0577777773,71.4599990845,22.9400005341,64828.0
2024-01-01 02:35:00,264519984.0,5667500.0,11300.0,0.0577777773,71.3600006104,23.25,64828.0
2024-01-01 02:36:00,264519984.0,5667500.0,11300.0,0.0577777773,71.3600006104,23.25,64829.0
2024-01-01 02:37:00,264519984.0,5667500.0,11300.0,0.0577777773,71.3600006104,23.25,64829.0
2024-01-01 02:38:00,264519984.0,5667500.0,11300.0,0.0577777773,71.3600006104,23.25,64829.0
2024-01-01 02:39:00,264519984.0,5667500.0,11300.0,0.0577777773,71.3600006104,23.25,64829.0
2024-01-01 02:40:00,264519984.0,5667500.0,11700.0,0.0577777773,71.3600006104,23.25,64829.0
2024-01-01 02:41:00,264519984.0,5667500.0,11700.0,0.0599999987,71.3600006104,23.25,64829.0
2024-01-01 02:42:00,264519984.0,5667500.0,11300.0,0.0599999987,71.3600006104,23.25,64829.0
2024-01-01 02:43:00,264519984.0,5667500.0,11700.0,0.0577777773,71.3600006104,23.25,64829.0
2024-01-01 02:44:00,264519984.0,5667500.0,11700.0,0.0599999987,71.2900009155,23.3600006104,64829.0
2024-01-01 02:45:00,264519984.0,5667500.0,11700.0,0.0599999987,71.2900009155,23.3600006104,64829.0
2024-01-01 02:46:00,264519984.0,5667500.0,11700.0,0.0599999987,71.2900009155,23.3600006104,64829.0
2024-01-01 02:47:00,264519984.0,5667500.0,11700.0,0.0577777773,71.2200012207,23.3600006104,64829.0
2024-01-01 02:48:00,264519984.0,5667600.0,11200.0,0.0599999987,71.2200012207,23.3600006104,64829.0
2024-01-01 02:49:00,264519984.0,5667600.0,11700.0,0.0599999987,71.2200012207,23.3600006104,64829.0
2024-01-01 02:50:00,264519984.0,5667600.0,12100.0,0.0599999987,71.2200012207,23.3600006104,64829.0
2024-01-01 02:51:00,264519984.0,5667600.0,11700.0,0.061944443700000004,71.2200012207,23.3600006104,64829.0
2024-01-01 02:52:00,264519984.0,5667600.0,11700.0,0.0599999987,71.2200012207,23.3600006104,64829.0
2024-01-01 02:53:00,264519984.0,5667600.0,11700.0,0.0599999987,71.2200012207,23.3600006104,64829.0
2024-01-01 02:54:00,264519984.0,5667600.0,10800.0,0.0599999987,71.1399993896,23.4400005341,64829.0
2024-01-01 02:55:00,264519984.0,5667600.0,10800.0,0.0577777773,71.1399993896,23.4400005341,64829.0
2024-01-01 02:56:00,264519984.0,5667600.0,10800.0,0.0577777773,71.1399993896,23.4400005341,64829.0
2024-01-01 02:57:00,264519984.0,5667600.0,11200.0,0.0558333322,71.1399993896,23.4400005341,64829.0
2024-01-01 02:58:00,264519984.0,5667600.0,11200.0,0.0577777773,71.1399993896,23.4400005341,64829.0
2024-01-01 02:59:00,264519984.0,5667600.0,10800.0,0.0558333322,71.1399993896,23.4400005341,64829.0
2024-01-01 03:00:00,264519984.0,5667600.0,10800.0,0.0577777773,71.1399993896,23.4400005341,64829.0
2024-01-01 03:01:00,264519984.0,5667600.0,10800.0,0.0558333322,71.1399993896,23.4400005341,64829.0
2024-01-01 03:02:00,264519984.0,5667600.0,10800.0,0.0558333322,71.1399993896,23.4400005341,64829.0
2024-01-01 03:03:00,264519984.0,5667600.0,10800.0,0.0577777773,71.1399993896,23.4400005341,64829.0
2024-01-01 03:04:00,264519984.0,5667600.0,11300.0,0.0577777773,70.9899978638,23.0400009155,64829.0
2024-01-01 03:05:00,264519984.0,5667600.0,11300.0,0.0558333322,70.9899978638,23.0400009155,64829.0
2024-01-01 03:06:00,264519984.0,5667600.0,11300.0,0.0577777773,70.9899978638,23.0400009155,64829.0
2024-01-01 03:07:00,264519984.0,5667600.0,11700.0,0.0577777773,70.9899978638,23.0400009155,64829.0
2024-01-01 03:08:00,264519984.0,5667600.0,11300.0,0.0577777773,70.9899978638,23.0400009155,64829.0
2024-01-01 03:09:00,264519984.0,5667600.0,11300.0,0.0599999987,70.9899978638,23.0400009155,64829.0
2024-01-01 03:10:00,264519984.0,5667600.0,11700.0,0.0599999987,70.9899978638,23.0400009155,64829.0
2024-01-01 03:11:00,264519984.0,5667600.0,11700.0,0.0599999987,70.9899978638,23.0400009155,64829.0
2024-01-01 03:12:00,264519984.0,5667600.0,12100.0,0.061944443700000004,70.9899978638,23.0400009155,64829.0
2024-01-01 03:13:00,264519984.0,5667600.0,11700.0,0.0599999987,70.9899978638,23.0400009155,64829.0
2024-01-01 03:14:00,264519984.0,5667600.0,11200.0,0.0577777773,70.9800033569,23.3199996948,64829.0
2024-01-01 03:15:00,264519984.0,5667600.0,11600.0,0.0599999987,70.9800033569,23.3199996948,64829.0
2024-01-01 03:16:00,264530000.0,5667700.0,11600.0,0.0599999987,71.0,23.3299999237,64829.0
2024-01-01 03:17:00,264530000.0,5667700.0,11600.0,0.0599999987,71.0,23.3299999237,64829.0
2024-01-01 03:18:00,264530000.0,5667700.0,11600.0,0.0599999987,71.0,23.3299999237,64829.0
2024-01-01 03:19:00,264530000.0,5667700.0,11600.0,0.0599999987,71.0,23.3299999237,64829.0
2024-01-01 03:20:00,264530000.0,5667700.0,11200.0,0.0577777773,71.0,23.3299999237,64829.0
2024-01-01 03:21:00,264530000.0,5667700.0,11200.0,0.0577777773,71.0,23.3299999237,64829.0
2024-01-01 03:22:00,264530000.0,5667700.0,11600.0,0.0599999987,71.0,23.3299999237,64829.0
2024-01-01 03:23:00,264530000.0,5667700.0,11200.0,0.0577777773,71.0,23.3299999237,64829.0
2024-01-01 03:24:00,264530000.0,5667700.0,11200.0,0.0577777773,71.1900024414,23.3700008392,64829.0
2024-01-01 03:25:00,264530000.0,5667700.0,11200.0,0.0577777773,71.1900024414,23.3700008392,64829.0
2024-01-01 03:26:00,264530000.0,5667700.0,11200.0,0.0577777773,71.1900024414,23.3700008392,64829.0
2024-01-01 03:27:00,264530000.0,5667700.0,10900.0,0.0558333322,71.1900024414,23.3700008392,64829.0
2024-01-01 03:28:00,264530000.0,5667700.0,11700.0,0.0599999987,71.1900024414,23.3700008392,64829.0
2024-01-01 03:29:00,264530000.0,5667700.0,11200.0,0.0577777773,71.1900024414,23.3700008392,64829.0
2024-01-01 03:30:00,264530000.0,5667700.0,11200.0,0.0577777773,71.1900024414,23.3700008392,64829.0
2024-01-01 03:31:00,264530000.0,5667700.0,11200.0,0.0577777773,71.1900024414,23.3700008392,64829.0
2024-01-01 03:32:00,264530000.0,5667700.0,11700.0,0.0599999987,71.1900024414,23.3700008392,64829.0
2024-01-01 03:33:00,264530000.0,5667700.0,11200.0,0.0577777773,71.1900024414,23.3700008392,64829.0
2024-01-01 03:34:00,264530000.0,5667700.0,11700.0,0.0599999987,71.0800018311,23.2399997711,64829.0
2024-01-01 03:35:00,264530000.0,5667700.0,11700.0,0.0599999987,71.0800018311,23.2399997711,64829.0
2024-01-01 03:36:00,264530000.0,5667700.0,11700.0,0.0599999987,71.0800018311,23.2399997711,64830.0
2024-01-01 03:37:00,264530000.0,5667700.0,11700.0,0.0599999987,71.0800018311,23.2399997711,64830.0
2024-01-01 03:38:00,264530000.0,5667700.0,11700.0,0.0599999987,71.0800018311,23.2399997711,64830.0
2024-01-01 03:39:00,264530000.0,5667700.0,11700.0,0.0577777773,71.0800018311,23.2399997711,64830.0
2024-01-01 03:40:00,264530000.0,5667700.0,11700.0,0.0599999987,71.0800018311,23.2399997711,64830.0
2024-01-01 03:41:00,264530000.0,5667700.0,11700.0,0.0599999987,71.0800018311,23.2399997711,64830.0
2024-01-01 03:42:00,264530000.0,5667700.0,11700.0,0.0599999987,71.0800018311,23.2399997711,64830.0
2024-01-01 03:43:00,264530000.0,5667700.0,11200.0,0.0577777773,71.0800018311,23.2399997711,64830.0
2024-01-01 03:44:00,264539984.0,5667800.0,11100.0,0.0577777773,70.8399963379,23.4500007629,64830.0
2024-01-01 03:45:00,264539984.0,5667800.0,10800.0,0.0558333322,70.8399963379,23.4500007629,64830.0
2024-01-01 03:46:00,264539984.0,5667800.0,10800.0,0.0558333322,70.8399963379,23.4500007629,64830.0
2024-01-01 03:47:00,264539984.0,5667800.0,10800.0,0.0558333322,70.8399963379,23.4500007629,64830.0
2024-01-01 03:48:00,264539984.0,5667800.0,10800.0,0.0558333322,70.8399963379,23.4500007629,64830.0
2024-01-01 03:49:00,264539984.0,5667800.0,10800.0,0.0558333322,70.8399963379,23.4500007629,64830.0
2024-01-01 03:50:00,264539984.0,5667800.0,10800.0,0.0558333322,70.8399963379,23.4500007629,64830.0
2024-01-01 03:51:00,264539984.0,5667800.0,10800.0,0.0558333322,70.8399963379,23.4500007629,64830.0
2024-01-01 03:52:00,264539984.0,5667800.0,10800.0,0.0558333322,70.8399963379,23.4500007629,64830.0
2024-01-01 03:53:00,264539984.0,5667800.0,10800.0,0.0558333322,70.8399963379,23.4500007629,64830.0
2024-01-01 03:54:00,264539984.0,5667800.0,11200.0,0.0577777773,70.6299972534,22.8799991608,64830.0
2024-01-01 03:55:00,264539984.0,5667800.0,11700.0,0.0599999987,70.6299972534,22.8799991608,64830.0
2024-01-01 03:56:00,264539984.0,5667800.0,11700.0,0.0599999987,70.6299972534,22.8799991608,64830.0
2024-01-01 03:57:00,264539984.0,5667800.0,11700.0,0.0599999987,70.6299972534,22.8799991608,64830.0
2024-01-01 03:58:00,264539984.0,5667800.0,11700.0,0.0599999987,70.6299972534,22.8799991608,64830.0
2024-01-01 03:59:00,264539984.0,5667800.0,12000.0,0.061944443700000004,70.6299972534,22.8799991608,64830.0
2024-01-01 04:00:00,264539984.0,5667800.0,12000.0,0.061944443700000004,70.6299972534,22.8799991608,64830.0
2024-01-01 04:01:00,264539984.0,5667800.0,12000.0,0.061944443700000004,70.6299972534,22.8799991608,64830.0
2024-01-01 04:02:00,264539984.0,5667800.0,8100.0004882812,0.0419444442,70.6299972534,22.8799991608,64830.0
2024-01-01 04:03:00,264539984.0,5667800.0,8500.0,0.043888889300000004,70.6299972534,22.8799991608,64830.0
2024-01-01 04:04:00,264539984.0,5667800.0,10400.0,0.0538888872,70.6399993896,23.1000003815,64830.0
2024-01-01 04:05:00,264539984.0,5667800.0,10800.0,0.0558333322,70.6399993896,23.1000003815,64830.0
2024-01-01 04:06:00,264539984.0,5667800.0,10800.0,0.0558333322,70.6399993896,23.1000003815,64830.0
2024-01-01 04:07:00,264539984.0,5667800.0,11200.0,0.0577777773,70.6399993896,23.1000003815,64830.0
2024-01-01 04:08:00,264539984.0,5667800.0,11200.0,0.0577777773,70.6399993896,23.1000003815,64830.0
2024-01-01 04:09:00,264539984.0,5667800.0,11200.0,0.0577777773,70.6399993896,23.1000003815,64830.0
2024-01-01 04:10:00,264539984.0,5667800.0,11200.0,0.0577777773,70.6399993896,23.1000003815,64830.0
2024-01-01 04:11:00,264539984.0,5667800.0,11200.0,0.0577777773,70.6399993896,23.1000003815,64830.0
2024-01-01 04:12:00,264539984.0,5667800.0,11200.0,0.0577777773,70.6399993896,23.1000003815,64830.0
2024-01-01 04:13:00,264539984.0,5667900.0,11200.0,0.0577777773,70.7799987793,23.1900005341,64830.0
2024-01-01 04:14:00,264539984.0,5667900.0,10800.0,0.0558333322,70.8099975586,23.2099990845,64830.0
2024-01-01 04:15:00,264539984.0,5667900.0,10800.0,0.0558333322,70.8099975586,23.2099990845,64830.0
2024-01-01 04:16:00,264539984.0,5667900.0,11200.0,0.0577777773,70.8099975586,23.2099990845,64830.0
2024-01-01 04:17:00,264539984.0,5667900.0,10800.0,0.0558333322,70.8099975586,23.2099990845,64830.0
2024-01-01 04:18:00,264539984.0,5667900.0,11200.0,0.0577777773,70.8099975586,23.2099990845,64830.0
2024-01-01 04:19:00,264539984.0,5667900.0,11200.0,0.0577777773,70.8099975586,23.2099990845,64830.0
2024-01-01 04:20:00,264539984.0,5667900.0,11200.0,0.0577777773,70.8099975586,23.2099990845,64830.0
2024-01-01 04:21:00,264539984.0,5667900.0,11600.0,0.0599999987,70.8099975586,23.2099990845,64830.0
2024-01-01 04:22:00,264539984.0,5667900.0,11600.0,0.0599999987,70.8099975586,23.2099990845,64830.0
2024-01-01 04:23:00,264539984.0,5667900.0,11600.0,0.0599999987,70.8099975586,23.2099990845,64830.0
2024-01-01 04:24:00,264539984.0,5667900.0,11200.0,0.0577777773,70.9100036621,23.2800006866,64830.0
2024-01-01 04:25:00,264539984.0,5667900.0,11600.0,0.0599999987,70.9100036621,23.2800006866,64830.0
2024-01-01 04:26:00,264539984.0,5667900.0,11600.0,0.0599999987,70.9100036621,23.2800006866,64830.0
2024-01-01 04:27:00,264539984.0,5667900.0,12000.0,0.061944443700000004,70.9100036621,23.2800006866,64830.0
2024-01-01 04:28:00,264539984.0,5667900.0,11200.0,0.0577777773,70.9100036621,23.2800006866,64830.0
2024-01-01 04:29:00,264539984.0,5667900.0,11200.0,0.0577777773,70.9100036621,23.2800006866,64830.0
2024-01-01 04:30:00,264539984.0,5667900.0,10800.0,0.0558333322,70.9100036621,23.2800006866,64830.0
2024-01-01 04:31:00,264539984.0,5667900.0,10400.0,0.0538888872,70.9100036621,23.2800006866,64830.0
2024-01-01 04:32:00,264539984.0,5667900.0,10800.0,0.0558333322,70.9100036621,23.2800006866,64830.0
2024-01-01 04:33:00,264539984.0,5667900.0,10400.0,0.0538888872,70.9100036621,23.2800006866,64830.0
2024-01-01 04:34:00,264539984.0,5667900.0,10800.0,0.0558333322,70.75,23.1100006104,64830.0
2024-01-01 04:35:00,264539984.0,5667900.0,10400.0,0.0538888872,70.75,23.1100006104,64830.0
2024-01-01 04:36:00,264539984.0,5667900.0,10400.0,0.0538888872,70.75,23.1100006104,64831.0
2024-01-01 04:37:00,264539984.0,5667900.0,10400.0,0.0538888872,70.75,23.1100006104,64831.0
2024-01-01 04:38:00,264539984.0,5667900.0,10400.0,0.0538888872,70.75,23.1100006104,64831.0
2024-01-01 04:39:00,264539984.0,5667900.0,10800.0,0.0558333322,70.75,23.1100006104,64831.0
2024-01-01 04:40:00,264539984.0,5667900.0,11200.0,0.0577777773,70.6399993896,22.8099994659,64831.0
2024-01-01 04:41:00,264539984.0,5667900.0,11200.0,0.0577777773,70.6399993896,22.8099994659,64831.0
2024-01-01 04:42:00,264549984.0,5668000.0,11200.0,0.0577777773,70.5800018311,23.0200004578,64831.0
2024-01-01 04:43:00,264549984.0,5668000.0,10800.0,0.0558333322,70.5800018311,23.0200004578,64831.0
2024-01-01 04:44:00,264549984.0,5668000.0,11600.0,0.0599999987,70.5800018311,23.0200004578,64831.0
2024-01-01 04:45:00,264549984.0,5668000.0,11200.0,0.0577777773,70.5800018311,23.0200004578,64831.0
2024-01-01 04:46:00,264549984.0,5668000.0,11600.0,0.0599999987,70.5800018311,23.0200004578,64831.0
2024-01-01 04:47:00,264549984.0,5668000.0,11200.0,0.0577777773,70.5800018311,23.0200004578,64831.0
2024-01-01 04:48:00,264549984.0,5668000.0,11600.0,0.0599999987,70.5800018311,23.0200004578,64831.0
2024-01-01 04:49:00,264549984.0,5668000.0,11600.0,0.0599999987,70.5800018311,23.0200004578,64831.0
2024-01-01 04:50:00,264549984.0,5668000.0,11600.0,0.0599999987,70.7699966431,23.3400001526,64831.0
2024-01-01 04:51:00,264549984.0,5668000.0,11600.0,0.0599999987,70.7699966431,23.3400001526,64831.0
2024-01-01 04:52:00,264549984.0,5668000.0,11600.0,0.0599999987,70.7699966431,23.3400001526,64831.0
2024-01-01 04:53:00,264549984.0,5668000.0,11100.0,0.0577777773,70.7699966431,23.3400001526,64831.0
2024-01-01 04:54:00,264549984.0,5668000.0,10800.0,0.0558333322,70.7699966431,23.3400001526,64831.0
2024-01-01 04:55:00,264549984.0,5668000.0,10800.0,0.0558333322,70.7699966431,23.3400001526,64831.0
2024-01-01 04:56:00,264549984.0,5668000.0,10400.0,0.0538888872,70.7699966431,23.3400001526,64831.0
2024-01-01 04:57:00,264549984.0,5668000.0,10400.0,0.0538888872,70.7699966431,23.3400001526,64831.0
2024-01-01 04:58:00,264549984.0,5668000.0,10400.0,0.0538888872,70.7699966431,23.3400001526,64831.0
2024-01-01 04:59:00,264549984.0,5668000.0,10400.0,0.0538888872,70.7699966431,23.3400001526,64831.0
2024-01-01 05:00:00,264549984.0,5668000.0,10500.0,0.0538888872,70.8099975586,22.9799995422,64831.0
2024-01-01 05:01:00,264549984.0,5668000.0,10500.0,0.0538888872,70.8099975586,22.9799995422,64831.0
2024-01-01 05:02:00,264549984.0,5668000.0,10500.0,0.0538888872,70.8099975586,22.9799995422,64831.0
2024-01-01 05:03:00,264549984.0,5668000.0,10500.0,0.0538888872,70.8099975586,22.9799995422,64831.0
2024-01-01 05:04:00,264549984.0,5668000.0,10900.0,0.0558333322,70.8099975586,22.9799995422,64831.0
2024-01-01 05:05:00,264549984.0,5668000.0,11200.0,0.0577777773,70.8099975586,22.9799995422,64831.0
2024-01-01 05:06:00,264549984.0,5668000.0,11200.0,0.0577777773,70.8099975586,22.9799995422,64831.0
2024-01-01 05:07:00,264549984.0,5668000.0,11200.0,0.0577777773,70.8099975586,22.9799995422,64831.0
2024-01-01 05:08:00,264549984.0,5668000.0,10900.0,0.0558333322,70.8099975586,22.9799995422,64831.0
2024-01-01 05:09:00,264549984.0,5668000.0,11200.0,0.0577777773,70.8099975586,22.9799995422,64831.0
2024-01-01 05:10:00,264549984.0,5668000.0,11200.0,0.0577777773,70.8899993896,23.1499996185,64831.0
2024-01-01 05:11:00,264549984.0,5668000.0,11200.0,0.0577777773,70.8899993896,23.1499996185,64831.0
2024-01-01 05:12:00,264549984.0,5668100.0,11600.0,0.0599999987,70.9000015259,23.2099990845,64831.0
2024-01-01 05:13:00,264549984.0,5668100.0,11200.0,0.0577777773,70.9000015259,23.2099990845,64831.0
2024-01-01 05:14:00,264549984.0,5668100.0,11200.0,0.0577777773,70.9000015259,23.2099990845,64831.0
2024-01-01 05:15:00,264549984.0,5668100.0,11200.0,0.0577777773,70.9000015259,23.2099990845,64831.0
2024-01-01 05:16:00,264549984.0,5668100.0,11200.0,0.0577777773,70.9000015259,23.2099990845,64831.0
2024-01-01 05:17:00,264549984.0,5668100.0,11600.0,0.0599999987,70.9000015259,23.2099990845,64831.0
2024-01-01 05:18:00,264549984.0,5668100.0,11200.0,0.0577777773,70.9000015259,23.2099990845,64831.0
2024-01-01 05:19:00,264549984.0,5668100.0,10800.0,0.0558333322,70.9000015259,23.2099990845,64831.0
2024-01-01 05:20:00,264549984.0,5668100.0,11200.0,0.0577777773,70.8899993896,23.2999992371,64831.0
2024-01-01 05:21:00,264549984.0,5668100.0,10800.0,0.0558333322,70.8899993896,23.2999992371,64831.0
2024-01-01 05:22:00,264549984.0,5668100.0,11200.0,0.0577777773,70.8899993896,23.2999992371,64831.0
2024-01-01 05:23:00,264549984.0,5668100.0,10800.0,0.0558333322,70.8899993896,23.2999992371,64831.0
2024-01-01 05:24:00,264549984.0,5668100.0,11200.0,0.0577777773,70.8899993896,23.2999992371,64831.0
2024-01-01 05:25:00,264549984.0,5668100.0,11200.0,0.0577777773,70.8899993896,23.2999992371,64831.0
2024-01-01 05:26:00,264549984.0,5668100.0,10800.0,0.0558333322,70.8899993896,23.2999992371,64831.0
2024-01-01 05:27:00,264549984.0,5668100.0,10800.0,0.0558333322,70.8899993896,23.2999992371,64831.0
2024-01-01 05:28:00,264549984.0,5668100.0,10800.0,0.0558333322,70.8899993896,23.2999992371,64831.0
2024-01-01 05:29:00,264549984.0,5668100.0,10800.0,0.0558333322,70.8899993896,23.2999992371,64831.0
2024-01-01 05:30:00,264549984.0,5668100.0,10500.0,0.0538888872,70.8600006104,23.0200004578,64831.0
2024-01-01 05:31:00,264549984.0,5668100.0,10500.0,0.0538888872,70.8600006104,23.0200004578,64831.0
2024-01-01 05:32:00,264549984.0,5668100.0,10500.0,0.0538888872,70.8600006104,23.0200004578,64831.0
2024-01-01 05:33:00,264549984.0,5668100.0,10100.0,0.0519444458,70.8600006104,23.0200004578,64831.0
2024-01-01 05:34:00,264549984.0,5668100.0,10500.0,0.0538888872,70.8600006104,23.0200004578,64831.0
2024-01-01 05:35:00,264549984.0,5668100.0,10900.0,0.0558333322,70.8600006104,23.0200004578,64831.0
2024-01-01 05:36:00,264549984.0,5668100.0,11200.0,0.0577777773,70.8600006104,23.0200004578,64832.0
2024-01-01 05:37:00,264549984.0,5668100.0,11200.0,0.0577777773,70.8600006104,23.0200004578,64832.0
2024-01-01 05:38:00,264549984.0,5668100.0,11700.0,0.0599999987,70.8600006104,23.0200004578,64832.0
2024-01-01 05:39:00,264549984.0,5668100.0,11200.0,0.0577777773,70.8600006104,23.0200004578,64832.0
2024-01-01 05:40:00,264549984.0,5668100.0,11200.0,0.0577777773,70.9599990845,23.1700000763,64832.0
2024-01-01 05:41:00,264560000.0,5668200.0,11200.0,0.0577777773,70.9700012207,23.2099990845,64832.0
2024-01-01 05:42:00,264560000.0,5668200.0,11700.0,0.0599999987,70.9700012207,23.2099990845,64832.0
2024-01-01 05:43:00,264560000.0,5668200.0,11700.0,0.0599999987,70.9700012207,23.2099990845,64832.0
2024-01-01 05:44:00,264560000.0,5668200.0,12000.0,0.061944443700000004,70.9700012207,23.2099990845,64832.0
2024-01-01 05:45:00,264560000.0,5668200.0,11700.0,0.0599999987,70.9700012207,23.2099990845,64832.0
2024-01-01 05:46:00,264560000.0,5668200.0,12000.0,0.061944443700000004,70.9700012207,23.2099990845,64832.0
2024-01-01 05:47:00,264560000.0,5668200.0,11700.0,0.0599999987,70.9700012207,23.2099990845,64832.0
2024-01-01 05:48:00,264560000.0,5668200.0,11200.0,0.0577777773,70.9700012207,23.2099990845,64832.0
2024-01-01 05:49:00,264560000.0,5668200.0,11200.0,0.0577777773,70.9700012207,23.2099990845,64832.0
2024-01-01 05:50:00,264560000.0,5668200.0,11200.0,0.0577777773,70.9199981689,23.3500003815,64832.0
2024-01-01 05:51:00,264560000.0,5668200.0,11200.0,0.0577777773,70.9199981689,23.3500003815,64832.0
2024-01-01 05:52:00,264560000.0,5668200.0,10800.0,0.0558333322,70.9199981689,23.3500003815,64832.0
2024-01-01 05:53:00,264560000.0,5668200.0,10800.0,0.0558333322,70.9199981689,23.3500003815,64832.0
2024-01-01 05:54:00,264560000.0,5668200.0,10800.0,0.0558333322,70.9199981689,23.3500003815,64832.0
2024-01-01 05:55:00,264560000.0,5668200.0,10400.0,0.0538888872,70.9199981689,23.3500003815,64832.0
2024-01-01 05:56:00,264560000.0,5668200.0,10400.0,0.0538888872,70.9199981689,23.3500003815,64832.0
2024-01-01 05:57:00,264560000.0,5668200.0,10400.0,0.0538888872,70.9199981689,23.3500003815,64832.0
2024-01-01 05:58:00,264560000.0,5668200.0,10400.0,0.0538888872,70.9199981689,23.3500003815,64832.0
2024-01-01 05:59:00,264560000.0,5668200.0,10800.0,0.0558333322,70.9199981689,23.3500003815,64832.0
2024-01-01 06:00:00,264560000.0,5668200.0,10900.0,0.0558333322,70.8199996948,22.8299999237,64832.0
