step_idx,RoomA:Sensor__room_temperature_real,RoomA:Sensor__room_temperature_pred,RoomB:Sensor__room_temperature_real,RoomB:Sensor__room_temperature_pred,RoomC:Sensor__room_temperature_real,RoomC:Sensor__room_temperature_pred,RoomD:Sensor__room_temperature_real,RoomD:Sensor__room_temperature_pred,RoomE:Sensor__room_temperature_real,RoomE:Sensor__room_temperature_pred,RoomF:Sensor__room_temperature_real,RoomF:Sensor__room_temperature_pred
0,22.04,21.735506,21.61,21.754827,21.61,21.61072,20.87,20.820284,20.89,20.703205,20.82,20.810883
1,21.8,21.739088,21.68,21.746431,21.49,21.628677,20.89,20.830566,20.85,20.73165,20.78,20.80334
2,21.8,21.750273,21.68,21.73851,21.71,21.635937,20.82,20.832357,20.98,20.751902,20.98,20.799068
3,22.01,21.752495,21.61,21.734196,21.68,21.638783,20.85,20.836746,20.78,20.765705,20.78,20.796183
4,22.01,21.74969,21.56,21.73099,21.61,21.63872,20.78,20.837538,20.85,20.775663,20.85,20.793156
5,21.71,21.74532,21.66,21.727861,21.63,21.636265,20.85,20.833467,20.82,20.77834,20.78,20.786886
6,21.8,21.739962,21.68,21.72325,21.63,21.632633,20.87,20.825579,20.85,20.778006,20.85,20.778273
7,21.92,21.733093,21.66,21.717264,21.63,21.628088,20.68,20.815779,20.76,20.776234,20.87,20.770035
8,21.83,21.724964,21.73,21.712059,21.49,21.623138,20.87,20.806786,20.78,20.773947,20.61,20.761925
9,21.87,21.71614,21.61,21.70627,21.59,21.617556,20.78,20.797781,20.85,20.77131,20.73,20.75445
10,21.87,21.70685,21.68,21.699947,21.54,21.611958,20.76,20.788715,20.82,20.768223,20.8,20.747145
11,21.83,21.697287,21.61,21.693687,21.54,21.606413,20.68,20.778986,20.89,20.764528,20.71,20.739452
12,21.83,21.687769,21.51,21.687077,21.66,21.60109,20.89,20.76846,20.85,20.76016,20.78,20.731388
13,21.73,21.67814,21.63,21.680187,21.61,21.59588,20.76,20.75821,20.82,20.7556,20.68,20.723608
14,21.68,21.668133,21.47,21.673101,21.49,21.590649,20.76,20.74916,20.8,20.7513,20.85,20.71667
15,21.78,21.65912,21.56,21.66507,21.63,21.584887,20.73,20.74131,20.78,20.747643,20.68,20.711283
16,21.68,21.5074,21.49,21.666529,21.63,21.534409,20.78,20.743174,20.82,20.643429,20.66,20.758875
17,21.85,21.540094,21.44,21.648117,21.37,21.540121,20.71,20.763577,20.82,20.676168,20.76,20.762825
18,21.51,21.563747,21.54,21.62728,21.56,21.541496,20.71,20.766087,20.82,20.698442,20.76,20.76162
19,21.66,21.571318,21.54,21.614101,21.54,21.54019,20.66,20.761526,20.87,20.70994,20.76,20.754604
20,21.68,21.576077,21.47,21.602118,21.49,21.537846,20.68,20.756145,20.78,20.717297,20.66,20.746521
21,21.78,21.576063,21.59,21.592894,21.47,21.534746,20.68,20.753195,20.78,20.721258,20.68,20.739183
22,21.75,21.573528,21.56,21.58634,21.51,21.530388,20.61,20.75145,20.87,20.723211,20.66,20.732632
23,21.9,21.569927,21.49,21.579771,21.54,21.525284,20.71,20.747028,20.87,20.723316,20.78,20.726345
24,21.8,21.566364,21.59,21.572437,21.59,21.51937,20.58,20.74057,20.85,20.721333,20.73,20.719332
25,21.73,21.561121,21.56,21.564447,21.44,21.513363,20.58,20.733128,20.66,20.71797,20.51,20.711376
26,21.78,21.555887,21.54,21.55603,21.47,21.507542,20.66,20.725018,20.71,20.713993,20.78,20.703613
27,21.61,21.550224,21.56,21.547796,21.54,21.501549,20.49,20.716993,20.68,20.709978,20.66,20.696518
28,21.83,21.544365,21.51,21.539562,21.44,21.495632,20.56,20.709608,20.76,20.70595,20.68,20.690258
29,21.61,21.539074,21.49,21.53192,21.59,21.49055,20.63,20.703943,20.78,20.702137,20.71,20.685375
30,21.51,21.5336,21.47,21.524416,21.44,21.485472,20.46,20.69894,20.8,20.698524,20.61,20.68116
31,21.59,21.52705,21.39,21.516712,21.44,21.479845,20.51,20.691427,20.63,20.695671,20.61,20.675144
32,21.66,21.363348,21.39,21.536997,21.39,21.435469,20.56,20.687263,20.73,20.592037,20.61,20.748606
33,21.59,21.407642,21.42,21.519232,21.44,21.440039,20.58,20.710056,20.63,20.627863,20.61,20.750217
34,21.61,21.431444,21.32,21.501314,21.47,21.440449,20.51,20.70951,20.73,20.650967,20.56,20.745386
35,21.56,21.443136,21.42,21.48994,21.37,21.443424,20.51,20.70373,20.63,20.662897,20.58,20.73119
36,21.75,21.450094,21.44,21.48138,21.47,21.445856,20.39,20.70103,20.73,20.669018,20.56,20.715515
37,21.63,21.45285,21.39,21.473087,21.32,21.445137,20.51,20.697226,20.68,20.670887,20.63,20.70044
38,21.68,21.453959,21.49,21.467611,21.39,21.441933,20.56,20.695024,20.61,20.670382,20.76,20.692759
39,21.66,21.453781,21.61,21.461645,21.35,21.43757,20.61,20.69193,20.68,20.668758,20.56,20.685648
40,21.66,21.449202,21.42,21.451942,21.32,21.430595,20.44,20.673464,20.58,20.667562,20.71,20.668139
41,21.56,21.448317,21.49,21.44542,21.42,21.424057,20.51,20.660805,20.66,20.66569,20.51,20.655424
42,21.59,21.449406,21.39,21.44145,21.32,21.419163,20.54,20.65988,20.68,20.662252,20.54,20.65247
43,21.51,21.434994,21.37,21.429304,21.39,21.410198,20.49,20.624186,20.61,20.659283,20.56,20.621088
44,21.66,21.419258,21.49,21.414215,21.44,21.396109,20.36,20.574413,20.68,20.65491,20.61,20.573423
45,21.59,21.42398,21.32,21.409786,21.51,21.38609,20.46,20.565315,20.63,20.655588,20.51,20.562084
46,21.59,21.428215,21.42,21.4072,21.42,21.378355,20.32,20.566208,20.56,20.657461,20.66,20.561998
47,21.59,21.434746,21.44,21.408218,21.21,21.372713,20.56,20.575754,20.71,20.659025,20.63,20.570774
48,21.68,21.256182,21.37,21.436176,21.37,21.386335,20.46,20.558094,20.63,20.525738,20.61,20.661312
49,21.71,21.298372,21.47,21.43079,21.32,21.392557,20.36,20.586264,20.73,20.556898,20.61,20.654661
50,21.49,21.295433,21.39,21.416065,21.28,21.39464,20.44,20.547451,20.71,20.57479,20.41,20.596254
51,21.54,21.29747,21.44,21.407394,21.35,21.39309,20.61,20.516453,20.63,20.582287,20.63,20.540295
52,21.56,21.273994,21.32,21.390486,21.32,21.389761,20.46,20.464823,20.66,20.572075,20.51,20.455437
53,21.44,21.25479,21.37,21.368343,21.35,21.37736,20.36,20.418886,20.66,20.566023,20.54,20.383919
54,21.66,21.287203,21.39,21.372255,21.37,21.37041,20.49,20.445646,20.56,20.581745,20.56,20.399364
55,21.54,21.32172,21.32,21.378895,21.35,21.367027,20.49,20.486069,20.68,20.598722,20.44,20.438627
56,21.54,21.328268,21.32,21.375103,21.35,21.361336,20.36,20.502354,20.66,20.608784,20.49,20.451027
57,21.49,21.338398,21.49,21.37316,21.35,21.35494,20.39,20.522179,20.56,20.617874,20.36,20.469776
58,21.49,21.356668,21.39,21.37835,21.35,21.351103,20.71,20.559526,20.54,20.624846,20.63,20.509424
59,21.44,21.364372,21.3,21.379288,21.35,21.350307,20.56,20.585896,20.66,20.628592,22.97,20.538942
60,21.54,21.365421,21.35,21.38184,21.3,21.350176,20.63,20.60207,20.66,20.629042,20.63,20.555565
61,21.56,21.365131,21.21,21.384317,21.25,21.35011,20.71,20.612665,20.63,20.627575,20.39,20.565336
62,21.47,21.364277,21.28,21.387281,21.37,21.350399,20.54,20.62009,20.63,20.625248,20.46,20.572054
63,21.47,21.363098,21.35,21.389906,21.39,21.350403,20.51,20.625872,20.51,20.62125,20.36,20.575262
64,21.59,21.193682,21.42,21.413582,21.25,21.39545,20.44,20.591736,20.56,20.538473,20.49,20.671297
65,21.56,21.248533,21.28,21.418762,21.28,21.394054,20.66,20.615967,20.51,20.559156,20.56,20.656801
66,21.44,21.276114,21.35,21.411394,21.25,21.392801,20.49,20.607702,20.56,20.570461,20.44,20.63279
67,21.51,21.29327,21.35,21.40548,21.25,21.393698,20.51,20.600025,20.44,20.578283,20.51,20.613882
68,21.47,21.300117,21.35,21.40082,21.23,21.393381,20.49,20.593906,20.54,20.580849,20.54,20.594059
69,21.39,21.302225,21.25,21.392275,21.32,21.389591,20.49,20.580055,20.54,20.580639,20.56,20.568224
70,21.66,21.29323,21.35,21.377655,21.16,21.382635,20.51,20.548294,20.54,20.576872,20.36,20.523878
71,21.54,21.301846,21.28,21.37455,21.23,21.375347,20.61,20.538826,20.49,20.577831,20.36,20.504827
72,21.44,21.31892,21.35,21.378397,21.23,21.36904,20.41,20.557545,20.49,20.580221,20.49,20.52251
73,21.37,21.324848,21.35,21.378645,21.19,21.364466,20.32,20.56063,20.46,20.579678,20.32,20.525665
74,21.47,21.321445,21.25,21.374735,21.23,21.359785,20.44,20.548798,20.51,20.577972,20.49,20.514677
75,21.47,21.30293,21.28,21.358356,21.32,21.352736,20.54,20.516462,20.49,20.574316,20.36,20.47949
76,21.42,21.29858,22.26,21.346542,21.25,21.343168,20.44,20.509153,20.56,20.575281,20.44,20.467472
77,21.39,21.295433,21.25,21.33767,21.28,21.324667,20.44,20.532703,20.49,20.5715,20.39,20.489508
78,21.44,21.30034,21.25,21.336103,21.25,21.317549,20.41,20.54538,20.41,20.566544,20.49,20.501083
79,21.49,21.266436,21.25,21.319231,21.03,21.317465,20.44,20.483652,20.46,20.555109,20.51,20.42502
80,21.39,21.176144,21.19,21.420338,21.3,21.525452,20.49,20.562002,20.41,20.54629,20.49,20.518698
81,21.44,21.144108,21.21,21.395533,21.19,21.485064,20.39,20.497023,20.34,20.53676,20.54,20.44591
82,21.32,21.159,21.32,21.38747,21.23,21.449373,20.41,20.492453,20.54,20.55005,20.54,20.437962
83,21.32,21.186611,20.36,21.390501,21.23,21.432634,20.54,20.48463,20.51,20.558208,20.49,20.433998
84,21.35,21.172516,21.35,21.368885,21.21,21.382572,20.36,20.527622,20.58,20.57124,20.36,20.466946
85,21.32,21.22754,21.3,21.34509,21.19,21.326326,20.39,20.654982,20.49,20.604633,20.44,20.568546
86,21.42,21.332952,21.23,21.305767,21.23,21.33518,20.49,20.785645,20.61,20.633532,20.34,20.661518
87,21.37,21.389511,21.25,21.252007,21.21,21.333384,20.49,20.879383,20.49,20.662563,20.34,20.71805
88,21.42,21.435131,21.1,21.220978,21.19,21.330454,20.56,20.935808,20.46,20.684444,20.36,20.754007
89,21.25,21.46924,21.39,21.212683,21.19,21.331234,20.61,20.995628,20.39,20.702103,20.44,20.78694
90,21.37,21.485039,21.28,21.214624,21.14,21.32259,20.58,21.048807,20.49,20.705658,20.39,20.801886
91,21.35,21.509901,21.25,21.238262,21.23,21.313847,20.51,21.060764,20.39,20.683245,20.39,20.786133
92,21.35,21.50786,21.25,21.226498,21.23,21.30093,20.73,21.082308,20.41,20.67738,20.39,20.785715
93,21.25,21.492346,21.23,21.178787,21.21,21.279745,20.73,21.130154,20.51,20.694374,20.27,20.814316
94,21.35,21.48424,21.21,21.119244,21.12,21.25086,20.78,21.169077,20.34,20.709867,20.36,20.851858
95,21.28,21.478523,21.16,21.07255,21.21,21.225937,20.73,21.189556,20.39,20.717943,20.54,20.87584
96,21.85,21.62446,21.71,20.902634,21.37,20.93502,21.3,21.282068,20.63,20.930092,20.71,20.84467
97,21.75,21.665546,21.44,20.940691,21.49,20.93674,21.28,21.37755,20.66,20.957579,20.56,20.851015
98,21.78,21.744965,21.37,20.991879,21.49,20.992764,21.44,21.44755,20.61,20.95832,20.46,20.857248
99,21.99,21.804499,21.49,21.016644,21.44,21.055197,21.3,21.475164,20.49,20.961985,20.39,20.858593
100,21.8,21.807587,21.39,21.025793,21.59,21.113335,21.44,21.48735,20.71,20.95807,20.29,20.863586
101,21.73,21.793316,21.35,21.02762,21.54,21.152624,21.44,21.48791,20.66,20.95312,20.34,20.867697
102,21.9,21.775051,21.32,21.02513,21.54,21.184404,21.49,21.469856,20.56,20.943134,20.39,20.86305
103,21.83,21.746956,21.39,21.016966,21.42,21.199858,21.66,21.479042,20.89,20.938026,20.44,20.870155
104,21.63,21.7213,21.32,21.011969,21.37,21.205118,21.78,21.504148,20.98,20.936665,20.56,20.883291
105,21.87,21.700686,21.37,21.00761,21.47,21.20946,21.71,21.526672,21.12,20.934889,20.68,20.89305
106,21.75,21.685259,21.35,21.003885,21.39,21.21318,21.75,21.54803,21.12,20.93568,20.8,20.904217
107,21.78,21.67224,21.3,20.999483,21.37,21.217152,21.78,21.568565,21.21,20.9384,20.68,20.915415
108,21.73,21.661692,21.32,20.995016,21.35,21.221777,21.97,21.58803,21.21,20.945295,20.54,20.92722
109,21.75,21.65029,21.37,20.990492,21.28,21.227108,21.97,21.604826,21.32,20.953503,20.61,20.93741
110,21.68,21.638071,21.35,20.98582,21.47,21.232813,22.15,21.620005,21.37,20.961311,20.46,20.946495
111,21.54,21.628746,21.35,20.98155,21.39,21.237366,22.33,21.63157,21.56,20.96666,20.41,20.954033
112,21.44,21.5808,21.25,21.076778,21.44,21.255964,22.42,21.34872,21.49,21.048449,20.54,20.953983
113,21.68,21.700457,21.21,21.070477,21.42,21.241798,22.38,21.431433,21.47,21.092068,20.41,20.947557
114,21.71,21.708223,21.19,21.031916,21.42,21.21885,22.38,21.49168,21.44,21.114552,20.46,20.949917
115,21.9,21.708475,21.3,21.008913,21.37,21.191658,22.49,21.505108,21.49,21.123755,20.56,20.9207
116,21.68,21.711086,21.25,20.987007,21.37,21.176237,22.68,21.516317,21.61,21.140032,20.63,20.898329
117,21.8,21.71309,21.25,21.001179,21.32,21.16091,22.75,21.54013,21.61,21.146435,20.46,20.897943
118,21.95,21.730146,21.14,21.02441,21.56,21.150995,22.78,21.572374,21.66,21.158047,20.51,20.910252
119,21.83,21.761215,21.35,21.061739,21.56,21.175928,22.92,21.63281,21.63,21.17613,20.51,20.96473
120,21.87,21.779587,21.35,21.088348,21.59,21.224789,22.63,21.696362,21.73,21.179897,20.58,21.021055
121,21.8,21.78632,21.21,21.102743,21.59,21.263416,22.68,21.738132,21.63,21.174221,20.63,21.056042
122,21.75,21.786055,21.23,21.110546,21.75,21.29007,22.82,21.766327,21.51,21.160273,20.54,21.074339
123,21.8,21.786875,21.28,21.120237,21.66,21.306957,22.9,21.783499,21.28,21.145988,20.82,21.082216
124,21.83,21.787493,21.21,21.125458,21.56,21.319319,22.92,21.79713,21.49,21.139885,20.8,21.091385
125,21.9,21.783976,21.28,21.122416,21.68,21.330214,22.63,21.812805,21.51,21.142769,20.87,21.104214
126,21.9,21.782745,21.39,21.115597,21.61,21.339436,22.63,21.833643,21.47,21.154083,20.87,21.122543
127,21.85,21.78626,21.25,21.10864,21.59,21.349054,22.66,21.859049,21.71,21.176846,20.94,21.146894
128,21.97,21.6437,21.25,21.15345,21.51,21.35112,22.87,21.599026,21.75,21.206358,21.05,21.058533
129,21.87,21.755074,21.25,21.150227,21.49,21.364021,22.73,21.661053,21.85,21.260147,20.78,21.062256
130,21.95,21.782318,21.14,21.118761,21.37,21.38176,24.52,21.742199,21.75,21.298283,20.66,21.095179
131,21.85,21.770819,21.25,21.09422,21.51,21.405632,22.66,21.80665,21.8,21.325518,20.58,21.120735
132,21.85,21.748495,21.3,21.072914,21.49,21.425253,22.66,21.857437,21.9,21.341675,20.66,21.152893
133,21.71,21.745924,21.23,21.06834,21.37,21.437302,22.56,21.901928,21.78,21.352604,20.51,21.18246
134,21.85,21.749395,21.14,21.066948,21.37,21.440718,22.44,21.939165,21.95,21.357145,20.61,21.206629
135,21.78,21.756704,21.25,21.067799,21.42,21.443666,22.51,21.974577,22.06,21.36467,20.61,21.231014
136,22.1,21.763014,21.37,21.071764,21.39,21.445251,22.4,22.002544,21.95,21.374855,20.49,21.249985
137,21.73,21.774744,21.35,21.077333,21.39,21.44468,22.35,22.029442,21.97,21.386395,20.46,21.267696
138,21.83,21.788061,21.35,21.080524,21.37,21.444279,22.54,22.055393,22.06,21.397867,20.54,21.285028
139,21.87,21.800629,21.71,21.081657,21.42,21.44422,22.44,22.080053,21.9,21.408417,20.58,21.301962
140,21.97,21.826725,21.83,21.137844,21.44,21.45698,22.49,22.122902,21.95,21.419916,20.56,21.299757
141,22.24,21.850645,22.01,21.224316,21.49,21.48258,22.51,22.177526,21.8,21.426163,20.58,21.278608
142,22.19,21.864777,21.97,21.286581,21.49,21.49852,22.54,22.225016,21.95,21.429657,20.44,21.268852
143,22.26,21.880201,22.04,21.329773,21.47,21.505621,22.54,22.270857,21.75,21.428535,20.66,21.26924
144,22.24,21.76884,21.9,21.612688,21.39,21.558216,22.61,22.104,21.75,21.355919,20.76,21.271383
145,22.33,21.918161,22.01,21.645777,21.49,21.557468,22.56,22.173338,21.68,21.395782,20.71,21.280426
146,22.38,21.986572,22.06,21.631363,21.32,21.557787,22.44,22.270926,21.75,21.439644,20.56,21.299826
147,22.49,22.019579,22.1,21.603243,21.54,21.552795,22.4,22.354897,21.83,21.466228,20.61,21.310045
148,22.42,22.039944,22.08,21.595837,21.51,21.56034,22.42,22.411716,21.8,21.474092,20.63,21.324556
149,22.4,22.04431,22.1,21.59465,21.54,21.568668,22.31,22.45804,21.78,21.469496,20.76,21.335556
150,22.13,22.0374,21.95,21.589966,21.47,21.576502,22.44,22.498476,21.92,21.464437,20.63,21.341227
151,22.29,22.03318,21.95,21.585531,21.39,21.58185,22.47,22.528027,21.95,21.461044,20.51,21.349585
152,21.99,22.02964,21.75,21.586742,21.37,21.585247,22.42,22.554901,21.95,21.46037,20.51,21.366198
153,22.01,22.029173,21.83,21.59223,21.28,21.589922,22.47,22.579058,21.78,21.459555,20.61,21.379385
154,22.01,22.0308,21.73,21.600082,21.59,21.59586,22.51,22.601982,20.76,21.458036,20.68,21.390476
155,22.24,22.033844,21.8,21.60955,21.37,21.601767,22.54,22.624702,21.95,21.455713,21.0,21.400736
156,22.35,22.039787,21.66,21.621962,21.37,21.60836,22.8,22.647236,21.87,21.452528,21.21,21.409704
157,22.38,22.046085,21.73,21.640469,21.49,21.615925,22.8,22.66684,21.9,21.4477,21.37,21.415012
158,22.35,22.050453,21.73,21.660831,21.37,21.622036,22.9,22.68626,22.01,21.443611,21.54,21.418684
159,22.58,22.055017,21.73,21.680626,21.42,21.627625,23.02,22.704287,21.95,21.442331,21.12,21.42323
160,22.51,21.94504,21.63,21.894913,21.28,21.693153,23.14,22.467022,21.85,21.481262,20.82,21.505184
161,22.49,22.10804,21.71,21.899054,21.44,21.67878,23.04,22.515245,21.83,21.515816,20.82,21.506828
162,22.51,22.171257,21.71,21.885086,21.44,21.678381,22.99,22.573502,21.8,21.544044,20.76,21.499975
163,22.61,22.20891,21.83,21.88811,21.35,21.68398,23.04,22.630306,21.92,21.568178,20.68,21.489717
164,22.78,22.234735,21.75,21.90117,21.56,21.697283,23.11,22.684513,21.85,21.579277,20.73,21.50433
165,22.44,22.268192,21.87,21.915892,21.39,21.709673,23.11,22.728367,21.95,21.587872,20.73,21.518314
166,22.56,22.298208,21.75,21.943485,21.35,21.72309,23.02,22.777132,21.92,21.596146,20.78,21.543823
167,22.73,22.327347,21.87,21.977919,21.39,21.736351,23.06,22.827763,21.9,21.605621,20.8,21.578642
168,22.58,22.341486,21.85,22.00896,21.44,21.748444,23.25,22.872608,21.87,21.60889,20.82,21.60286
169,22.63,22.342316,21.95,22.035795,21.51,21.760366,23.04,22.914648,21.83,21.607832,20.58,21.618868
170,22.63,22.330297,21.83,22.05657,21.51,21.771875,23.14,22.947004,21.85,21.602915,20.78,21.626766
171,22.75,22.311008,21.92,22.070135,21.59,21.782736,22.85,22.967741,21.73,21.596571,20.73,21.628025
172,22.73,22.296034,21.87,22.085388,21.51,21.793283,23.2,22.98031,21.63,21.589413,20.87,21.62682
173,22.75,22.298725,21.95,22.110619,21.59,21.803349,23.25,22.99318,21.75,21.583607,21.37,21.629795
174,22.66,22.31036,21.9,22.14071,21.47,21.81445,23.14,23.007627,21.85,21.578772,21.59,21.635277
175,22.68,22.313204,21.92,22.167717,21.49,21.826208,23.27,23.01699,21.87,21.573757,21.54,21.637547
176,22.68,22.134546,21.92,22.364128,21.54,21.991253,23.23,22.889704,21.83,21.699587,21.61,21.725061
177,22.66,22.33908,21.9,22.391117,21.47,21.954145,23.25,22.901958,21.8,21.703274,21.68,21.73901
178,22.75,22.444832,21.92,22.420687,21.51,21.910278,23.2,22.94745,21.78,21.713408,21.66,21.728533
179,22.75,22.491467,22.01,22.44157,21.68,21.852522,23.2,22.965363,21.99,21.690598,21.9,21.712421
180,22.82,22.515427,22.06,22.463266,21.59,21.815844,23.27,22.958546,22.17,21.673204,21.66,21.734037
181,22.73,22.532446,22.06,22.50632,21.59,21.796106,23.27,22.945063,22.19,21.67465,21.66,21.761452
182,22.87,22.547436,22.17,22.553785,21.66,21.78061,23.27,22.931076,22.31,21.685812,21.71,21.778542
183,22.87,22.563135,22.24,22.598555,21.68,21.770754,23.25,22.920633,22.29,21.70026,21.68,21.793884
184,22.9,22.580416,22.1,22.63897,21.66,21.766449,23.38,22.914392,22.19,21.715532,21.68,21.808842
185,23.02,22.599363,22.26,22.672836,21.75,21.766018,23.27,22.912354,22.42,21.73046,21.8,21.821638
186,22.94,22.620096,22.15,22.700893,21.73,21.769615,23.41,22.915281,22.44,21.744423,21.87,21.834028
187,22.92,22.639452,22.35,22.728853,21.73,21.77365,23.43,22.921328,22.47,21.75599,21.75,21.841307
188,22.94,22.659943,22.19,22.75738,21.75,21.780075,23.34,22.927238,22.33,21.7661,21.83,21.846899
189,22.97,22.684605,22.35,22.789024,21.78,21.788647,23.29,22.935253,22.44,21.7774,21.75,21.853746
190,23.02,22.711674,22.33,22.823866,21.75,21.79993,23.41,22.944387,22.35,21.787987,21.75,21.86024
191,23.02,22.734976,22.44,22.857964,21.75,21.8132,23.23,22.950249,22.35,21.795961,21.8,21.863087
192,22.82,22.809061,22.4,22.884895,21.85,21.860012,23.32,22.948301,22.31,21.993288,21.83,21.95522
193,23.02,22.875845,22.33,22.819317,21.85,21.821798,23.43,22.941643,22.15,21.967915,21.75,21.95434
194,23.04,22.877857,22.47,22.828049,21.73,21.830446,23.29,22.916735,21.97,21.932562,21.9,21.955505
195,23.11,22.868752,22.56,22.864614,21.9,21.843256,23.41,22.958935,22.01,21.863192,21.97,21.97419
196,23.23,22.714115,22.47,22.78996,21.97,21.871649,23.48,23.016499,21.9,21.740847,21.87,21.97963
197,23.18,22.54023,22.58,22.711988,22.08,21.913204,23.54,23.019272,21.85,21.628288,21.99,21.964903
198,23.32,22.479984,22.7,22.683424,22.01,21.959127,23.41,23.014881,21.87,21.55655,22.06,21.950909
199,23.34,22.475588,22.56,22.669502,22.04,22.003225,23.54,23.005836,21.68,21.508232,21.85,21.92527
200,23.48,22.49341,22.54,22.66822,22.19,22.056065,23.48,22.987047,21.75,21.467035,22.1,21.889488
201,23.29,22.512032,22.58,22.671238,22.1,22.097023,23.61,22.951988,21.87,21.424381,21.9,21.85033
202,23.36,22.52954,22.58,22.667454,22.22,22.12259,23.48,22.905682,21.73,21.386171,21.99,21.80681
203,23.34,22.543049,22.51,22.658695,22.08,22.13697,23.41,22.850573,21.68,21.354301,22.01,21.763771
204,23.45,22.55426,22.56,22.654345,22.08,22.145641,23.34,22.79058,21.73,21.32704,22.01,21.720375
205,23.36,22.56842,22.56,22.6534,22.06,22.153883,23.38,22.738352,21.63,21.303848,22.06,21.68101
206,23.5,22.586006,22.63,22.653683,21.99,22.159897,23.5,22.693876,21.59,21.286022,22.01,21.6496
207,23.41,22.59697,22.61,22.648174,22.13,22.163733,23.5,22.645807,21.59,21.270533,22.04,21.620476
208,23.29,22.70649,22.51,22.36631,22.1,21.965126,23.38,22.504515,21.61,21.558453,21.8,21.600595
209,23.29,22.634811,22.35,22.317266,22.1,21.960619,23.59,22.482943,21.51,21.43859,21.78,21.576872
210,23.23,22.611498,22.44,22.32539,22.1,21.987356,23.48,22.47674,21.56,21.37774,21.8,21.571064
211,23.2,22.622383,22.42,22.352453,22.24,22.01277,23.43,22.494688,21.49,21.349379,21.68,21.571602
212,23.23,22.649736,22.38,22.39872,21.97,22.039906,23.48,22.50256,21.56,21.321695,21.61,21.566563
213,23.14,22.650019,22.47,22.430016,22.04,22.057621,23.5,22.492977,21.63,21.293205,21.59,21.55486
214,23.04,22.631508,22.51,22.444813,22.06,22.061495,23.5,22.46172,21.56,21.26431,21.54,21.537699
215,23.16,22.607044,22.33,22.452108,21.97,22.058006,23.36,22.41873,21.54,21.238403,21.51,21.521626
216,23.06,22.58897,22.31,22.454823,22.06,22.050415,23.38,22.372944,21.49,21.216568,21.54,21.502071
217,23.02,22.574642,22.31,22.452272,22.1,22.041004,23.54,22.33109,21.47,21.200752,21.49,21.482752
218,22.92,22.561983,22.44,22.44693,22.08,22.02968,23.38,22.292643,21.37,21.18987,21.37,21.46414
219,22.82,22.560705,22.19,22.431625,22.04,22.041498,23.41,22.256907,21.32,21.198698,21.32,21.436852
220,22.92,22.562695,22.38,22.404303,21.97,22.068884,23.27,22.215378,21.42,21.21539,21.32,21.401302
221,22.87,22.54737,22.31,22.367794,22.01,22.083645,23.29,22.171015,21.3,21.221596,21.54,21.362349
222,22.85,22.517797,22.15,22.325155,22.04,22.087008,23.32,22.127739,21.42,21.221506,21.47,21.32875
223,22.73,22.481487,22.15,22.282808,21.92,22.08328,23.18,22.08529,21.3,21.218287,21.28,21.302818
224,22.8,22.612501,22.17,22.463177,22.06,22.16811,23.32,22.127592,21.32,21.429497,21.32,21.439476
225,22.78,22.547304,22.15,22.345053,22.04,22.143751,23.25,22.080359,21.35,21.368801,21.21,21.395952
226,22.7,22.510132,22.08,22.312227,22.08,22.146624,23.36,22.069838,21.44,21.319538,21.25,21.368557
227,22.63,22.48245,22.13,22.28558,21.95,22.146973,23.29,22.058191,21.37,21.28893,21.25,21.339848
228,22.7,22.452925,22.1,22.265718,21.95,22.138771,23.32,22.021927,21.35,21.266792,21.23,21.31472
229,22.68,22.435743,22.17,22.251474,21.97,22.12997,23.2,21.985289,21.32,21.248844,21.35,21.29018
230,22.61,22.41696,22.13,22.232584,22.06,22.113691,23.29,21.949408,21.14,21.233305,21.19,21.267857
231,22.85,22.39833,22.06,22.213966,22.06,22.095455,23.23,21.914337,21.37,21.218773,21.35,21.245808
232,22.56,22.382444,22.08,22.196995,22.01,22.076197,23.14,21.882175,21.25,21.207968,21.07,21.227047
233,22.47,22.365685,21.99,22.179173,21.95,22.055529,22.99,21.851353,21.16,21.19763,21.14,21.209757
234,22.66,22.347157,22.17,22.159908,21.8,22.033459,23.04,21.824158,21.19,21.187637,21.16,21.194199
235,22.56,22.329067,22.13,22.139826,21.9,22.011587,23.14,21.797794,21.25,21.177021,21.03,21.179142
236,22.4,22.311743,22.08,22.119759,21.92,21.990438,23.06,21.772514,21.23,21.1666,21.03,21.165108
237,22.58,22.294897,22.17,22.099983,21.92,21.970129,23.06,21.747698,21.12,21.15614,21.14,21.151224
238,22.51,22.27832,22.04,22.080667,21.85,21.950502,23.02,21.722946,21.19,21.145565,21.16,21.137272
239,23.16,22.262474,22.1,22.06136,21.9,21.93143,23.16,21.698503,21.25,21.135666,21.1,21.123533
240,22.51,22.42969,22.06,22.221964,21.87,22.033323,23.16,21.841282,21.16,21.264763,21.03,21.306475
241,22.49,22.361797,22.01,22.121305,21.68,22.019127,23.14,21.81523,21.05,21.237448,21.14,21.25993
242,22.33,22.32622,21.9,22.0958,21.8,22.018385,23.18,21.813278,21.16,21.211763,21.1,21.223015
243,22.31,22.30038,21.92,22.07562,21.9,22.017715,23.09,21.800528,21.16,21.18007,21.1,21.184048
244,22.33,22.276138,21.97,22.060434,21.78,22.007896,23.04,21.770908,21.05,21.159204,21.12,21.156612
245,22.54,22.260838,21.87,22.051716,21.92,21.997034,23.11,21.73818,21.1,21.142342,21.0,21.1336
246,22.33,22.2458,21.97,22.040972,21.8,21.98024,23.11,21.7089,21.05,21.130182,20.44,21.11499
247,22.31,22.230846,21.92,22.029215,21.85,21.961117,22.99,21.683851,20.96,21.12065,21.0,21.102674
248,22.33,22.215803,21.92,22.015463,21.8,21.94064,22.99,21.660158,21.14,21.11121,20.96,21.090332
249,22.26,22.201595,21.85,21.999985,21.75,21.919636,22.92,21.637857,21.1,21.102343,21.05,21.078415
250,22.38,22.186422,21.85,21.983978,21.85,21.898338,22.92,21.616524,21.1,21.093496,21.03,21.066563
251,22.22,22.171165,21.87,21.967258,21.75,21.877296,22.97,21.594995,20.98,21.084797,20.98,21.054651
252,22.26,22.156027,21.87,21.950006,21.8,21.856539,22.97,21.573599,21.1,21.07658,20.94,21.042927
253,22.29,22.140755,21.85,21.932938,21.78,21.836573,22.85,21.552896,21.1,21.06885,21.07,21.031406
254,22.17,22.124615,21.9,21.916859,21.83,21.819096,22.87,21.533606,21.14,21.06015,20.87,21.01993
255,22.29,22.107935,21.85,21.899988,21.63,21.803497,22.82,21.51516,21.0,21.05137,21.05,21.009764
256,22.22,22.29053,21.83,22.054005,21.73,21.930992,22.8,21.69426,20.98,21.142132,20.91,21.213726
257,22.19,22.21383,21.75,21.97228,21.73,21.925367,22.7,21.682602,21.16,21.134396,20.87,21.175957
258,22.33,22.175182,21.92,21.952269,21.83,21.927116,22.61,21.687847,21.1,21.120798,20.98,21.139275
259,22.22,22.159203,21.78,21.931824,21.68,21.929302,22.44,21.680677,21.1,21.09805,20.96,21.097803
260,22.04,22.140858,21.75,21.918703,21.75,21.919008,22.35,21.65605,21.03,21.07844,20.85,21.064726
261,22.08,22.124767,21.85,21.915375,21.61,21.906466,22.08,21.622633,21.0,21.064621,20.89,21.042032
262,22.1,22.108387,21.75,21.908375,21.78,21.889355,22.17,21.590322,20.96,21.054113,20.78,21.023014
263,22.19,22.092678,21.8,21.89906,21.78,21.870861,22.15,21.5612,20.94,21.04561,20.76,21.007103
264,22.19,22.023727,21.68,21.855627,21.75,21.829432,22.08,21.46961,21.05,20.991158,20.73,20.956327
265,22.15,21.972246,21.66,21.814783,21.68,21.768415,22.01,21.338596,20.91,20.93734,20.8,20.874563
266,22.17,21.941694,21.78,21.794378,21.73,21.718056,21.95,21.248915,20.91,20.919981,20.82,20.83935
267,22.15,21.920963,21.8,21.790358,21.56,21.68523,21.71,21.180197,21.03,20.904596,20.66,20.835342
268,22.04,21.906662,21.68,21.796055,21.66,21.665405,21.73,21.135836,21.07,20.890692,20.68,20.84158
269,22.08,21.893337,21.61,21.799116,21.63,21.65242,21.78,21.110107,21.0,20.882803,20.76,20.853382
270,21.99,21.878614,21.78,21.798513,21.71,21.642887,21.8,21.090399,20.94,20.878874,20.82,20.86354
271,21.92,21.86165,21.71,21.793934,21.66,21.634579,21.73,21.072088,20.87,20.875954,20.73,20.872143
272,21.87,21.648191,21.73,21.789106,21.56,21.60819,21.44,20.991087,20.76,20.7701,20.87,20.914766
273,22.04,21.685926,21.61,21.773685,21.56,21.612675,21.54,21.003351,20.91,20.798084,20.78,20.91315
274,22.06,21.712484,21.63,21.75788,21.56,21.613504,21.59,21.000628,20.94,20.814388,20.87,20.910452
275,21.92,21.729317,21.61,21.742092,21.61,21.61177,21.39,20.984032,20.96,20.820684,20.73,20.898388
276,22.01,21.733915,21.63,21.730368,21.73,21.609745,21.49,20.967766,20.94,20.823078,20.76,20.884182
277,21.92,21.733932,21.73,21.720531,21.63,21.607561,21.39,20.953552,20.85,20.82456,20.76,20.871647
278,22.04,21.731913,21.66,21.711927,21.54,21.603848,21.35,20.941628,20.8,20.824875,20.68,20.861996
279,22.01,21.728249,21.68,21.704857,21.56,21.599594,21.28,20.933273,20.8,20.824465,20.58,20.853857
280,21.99,21.722746,21.59,21.69823,21.56,21.595097,21.47,20.926292,20.87,20.824442,20.73,20.846064
281,22.1,21.71636,21.61,21.691826,21.54,21.590662,21.37,20.919044,20.8,20.824291,20.82,20.839613
282,21.95,21.709665,21.51,21.68478,21.56,21.586409,21.37,20.912132,20.87,20.823608,20.8,20.83341
283,21.9,21.702488,21.49,21.677822,21.68,21.582266,21.25,20.904102,20.82,20.821981,20.87,20.826744
284,21.9,21.69526,21.61,21.67105,21.54,21.578201,21.28,20.893705,20.8,20.81907,20.71,20.819164
285,21.87,21.68834,21.49,21.664526,21.63,21.574202,21.19,20.88068,20.85,20.814444,20.68,20.810316
286,21.95,21.679558,21.68,21.657608,21.75,21.570383,21.39,20.867025,20.87,20.80884,20.68,20.800291
287,21.85,21.670382,21.54,21.65036,21.66,21.566448,21.21,20.853775,20.78,20.803064,20.61,20.790718
288,21.92,21.48399,21.54,21.660677,21.66,21.522871,21.1,20.834019,20.8,20.692049,20.76,20.846598
289,21.8,21.53136,21.56,21.645134,21.56,21.525616,21.14,20.849442,20.87,20.720661,20.76,20.843084
290,21.8,21.56279,21.56,21.623985,21.63,21.523924,21.23,20.843779,21.56,20.74041,20.61,20.835972
291,21.87,21.574673,21.56,21.610167,21.59,21.52013,21.21,20.830276,20.66,20.75026,20.8,20.820312
292,21.8,21.58066,21.49,21.59762,21.59,21.518034,21.12,20.818674,20.78,20.754189,20.66,20.80326
293,21.85,21.58244,21.61,21.587158,21.47,21.515593,21.07,20.810684,20.8,20.75492,20.71,20.786991
294,21.8,21.579842,21.49,21.580023,21.47,21.512455,21.21,20.803673,20.76,20.752838,20.61,20.775131
295,21.83,21.57636,21.54,21.573929,21.56,21.508877,21.03,20.796932,20.68,20.749744,20.68,20.765526
296,21.78,21.572332,21.56,21.568155,21.61,21.505432,21.0,20.78881,20.8,20.74597,20.51,20.755638
297,21.71,21.568401,21.63,21.561659,21.59,21.501099,21.0,20.781883,20.85,20.742645,20.61,20.747913
298,21.75,21.565107,21.47,21.554317,21.44,21.496119,20.94,20.777431,20.85,20.739998,20.66,20.743155
299,21.75,21.561459,21.54,21.54676,21.47,21.491158,20.87,20.773327,20.89,20.737717,20.73,20.739155
300,21.75,21.557354,21.42,21.53938,21.49,21.486273,21.03,20.769585,20.76,20.735512,20.51,20.735655
301,21.75,21.552776,21.49,21.532448,21.49,21.481539,20.89,20.765436,20.82,20.733145,20.68,20.731407
302,21.73,21.547916,21.63,21.525896,21.47,21.477108,21.05,20.759794,20.8,20.729937,20.51,20.726143
303,21.78,21.542625,21.51,21.519611,21.37,21.472948,21.0,20.752914,20.8,20.725964,20.58,20.720112
304,21.78,21.358833,21.54,21.543837,21.47,21.440493,20.87,20.738008,20.61,20.619247,20.58,20.79115
305,21.75,21.409882,21.54,21.529428,21.44,21.44463,20.91,20.756317,20.71,20.65167,20.63,20.788952
306,21.8,21.439306,21.42,21.514141,21.42,21.44471,20.98,20.752262,20.76,20.673315,20.61,20.780632
307,21.87,21.457783,21.42,21.500263,21.49,21.445732,20.87,20.745,20.66,20.681831,20.46,20.764172
308,21.75,21.463749,21.42,21.491331,21.35,21.447672,20.98,20.743158,20.63,20.686464,20.68,20.747013
309,21.73,21.466724,21.42,21.483374,21.28,21.446547,20.82,20.741127,20.66,20.689302,20.51,20.734121
310,21.61,21.469082,21.54,21.47643,21.39,21.44249,20.91,20.738783,20.54,20.690338,20.56,20.72694
311,21.63,21.470564,21.49,21.46946,21.3,21.437788,20.82,20.735126,20.76,20.689104,20.32,20.72039
312,21.73,21.47118,21.56,21.463018,21.44,21.432837,20.87,20.730673,20.73,20.686903,20.46,20.713606
313,21.66,21.469318,21.49,21.45726,21.42,21.42835,20.94,20.723618,20.73,20.68373,21.0,20.704865
314,21.61,21.465862,21.39,21.450996,21.37,21.423744,20.82,20.716976,20.66,20.680443,20.51,20.697168
315,21.73,21.462349,21.42,21.444067,21.3,21.418879,20.66,20.712257,20.61,20.677393,20.56,20.69179
316,21.66,21.458649,21.42,21.437569,21.3,21.41416,20.8,20.70749,20.63,20.674263,20.71,20.68673
317,21.75,21.454554,21.42,21.431614,21.35,21.409655,20.91,20.702723,20.56,20.671164,20.56,20.681612
318,21.73,21.44926,21.42,21.427986,21.35,21.405954,20.8,20.6934,20.68,20.667034,20.49,20.67287
319,21.63,21.442385,20.91,21.425022,21.37,21.402306,20.66,20.681944,20.58,20.662188,20.49,20.662483
320,21.66,21.270443,21.44,21.453337,21.25,21.377146,20.8,20.668188,20.66,20.563198,20.54,20.750698
321,21.63,21.325964,21.42,21.443356,21.28,21.382576,20.85,20.688995,20.68,20.597109,20.51,20.74978
322,21.59,21.358099,21.51,21.432148,21.35,21.386354,20.76,20.683117,20.51,20.61615,20.41,20.735573
323,21.66,21.37239,21.25,21.41919,21.32,21.391039,20.76,20.68104,20.68,20.623123,20.61,20.714657
324,21.61,21.378988,21.3,21.410433,21.32,21.392637,20.82,20.684326,20.61,20.62914,20.44,20.699856
325,21.78,21.381344,21.39,21.407825,21.35,21.393776,20.66,20.67091,20.68,20.630436,20.39,20.679092
326,21.71,21.380276,21.37,21.404045,21.23,21.391779,20.61,20.658306,20.51,20.630245,20.27,20.662178
327,21.61,21.380772,21.42,21.39624,21.25,21.385574,20.63,20.662617,20.68,20.632137,20.44,20.661734
328,21.59,21.381115,21.3,21.389585,21.25,21.379444,20.71,20.666378,20.56,20.632465,20.49,20.660997
329,21.61,21.37948,21.32,21.385923,21.35,21.375067,20.61,20.66008,20.56,20.629574,20.39,20.651892
330,21.56,21.376875,21.42,21.379425,21.28,21.369753,20.68,20.657825,20.54,20.627443,20.44,20.64755
331,21.61,21.375603,21.42,21.371708,21.25,21.364006,20.61,20.659105,20.44,20.626308,20.39,20.646486
332,21.66,21.372292,21.32,21.369083,21.25,21.359814,20.58,20.649137,20.36,20.622164,20.46,20.636253
333,21.63,21.367956,21.39,21.363688,21.32,21.355022,20.61,20.644848,20.54,20.618948,20.41,20.630693
334,21.56,21.363705,21.35,21.359419,21.3,21.35106,20.61,20.639404,20.56,20.614864,20.44,20.623638
335,21.56,21.358385,21.3,21.354473,21.19,21.347033,20.61,20.634716,20.58,20.610703,20.49,20.617443
336,21.66,21.236824,21.23,21.420925,21.25,21.456398,20.68,20.613342,20.44,20.559278,20.49,20.702034
337,21.39,21.268175,21.32,21.427416,21.21,21.451483,20.71,20.627192,20.56,20.575079,20.46,20.670378
338,21.61,21.286564,21.32,21.428566,21.25,21.44148,20.66,20.641558,20.46,20.589815,20.56,20.66645
339,21.51,21.300014,21.32,21.427158,21.19,21.438892,20.54,20.635048,20.66,20.595985,20.39,20.647478
340,21.49,21.30523,21.42,21.4222,21.23,21.437397,20.54,20.630138,20.61,20.600512,20.44,20.634684
341,21.49,21.306232,21.23,21.416681,21.3,21.431736,20.56,20.622417,20.46,20.602135,20.49,20.618486
342,21.51,21.30801,21.32,21.411978,21.25,21.424408,20.49,20.623552,20.41,20.603691,20.44,20.611378
343,21.35,21.313387,21.42,21.405844,21.23,21.416164,20.39,20.64061,20.58,20.607063,20.36,20.617588
344,21.47,21.318195,21.25,21.398,21.23,21.406513,20.61,20.652065,20.54,20.610762,20.51,20.620857
345,21.51,21.32302,21.25,21.393589,21.25,21.398611,20.58,20.658594,20.46,20.612684,20.54,20.621351
346,21.59,21.318539,21.35,21.385826,21.25,21.388687,20.49,20.64491,20.56,20.6126,20.36,20.606192
347,21.54,21.32031,21.28,21.38152,21.25,21.377413,20.54,20.643766,20.54,20.616278,20.41,20.601093
348,21.49,21.327044,21.35,21.381504,21.28,21.371925,20.58,20.659664,20.51,20.617985,20.36,20.611168
349,21.44,21.328732,21.25,21.37936,21.16,21.367207,20.54,20.67229,20.58,20.618996,20.46,20.618765
350,21.56,21.3208,21.3,21.369143,21.3,21.355247,20.41,20.685158,20.56,20.617128,20.39,20.62475
351,21.49,21.314993,21.42,21.365105,21.28,21.346754,20.46,20.671488,20.54,20.613441,20.32,20.610498
352,21.42,21.239017,21.19,21.449478,21.21,21.544323,20.44,20.700758,20.54,20.605556,20.39,20.740591
353,21.56,21.230078,21.3,21.445831,21.25,21.543905,20.34,20.676971,20.61,20.61032,20.44,20.702738
354,21.54,21.205158,21.3,21.413738,21.16,21.5053,20.49,20.6837,20.49,20.602562,20.34,20.678032
355,21.51,21.209372,21.35,21.412504,21.23,21.470346,20.51,20.70464,20.61,20.606792,20.44,20.679558
356,21.61,21.237854,21.25,21.429287,21.25,21.46925,20.49,20.714493,20.51,20.62038,20.32,20.673399
357,21.39,21.200283,21.25,21.436052,21.21,21.449852,20.51,20.640358,20.56,20.608932,20.39,20.601345
358,21.56,21.205616,21.32,21.433258,21.23,21.423689,20.46,20.629293,20.66,20.618586,20.39,20.579487
359,21.44,21.242186,21.28,21.450441,21.16,21.415825,20.46,20.662022,20.46,20.63494,20.39,20.599985
360,21.44,21.253609,21.37,21.466597,21.07,21.4168,20.39,20.678997,20.54,20.638863,20.32,20.60606
361,21.39,21.259798,21.39,21.472069,21.16,21.42573,20.51,20.697615,20.96,20.63963,20.44,20.61871
362,21.49,21.24553,21.19,21.46852,21.23,21.420578,20.41,20.695364,20.51,20.64313,20.29,20.614538
363,21.47,21.221079,21.28,21.464804,21.25,21.400768,20.49,20.675941,20.51,20.644499,20.34,20.590889
364,21.42,21.221294,21.35,21.471264,21.21,21.389431,20.41,20.67313,20.49,20.638557,20.34,20.592392
365,21.35,21.209982,21.25,21.463371,21.16,21.373568,20.32,20.69183,20.39,20.637974,20.29,20.598679
366,21.37,21.164555,21.19,21.450811,21.14,21.356327,20.41,20.654741,20.51,20.625584,20.41,20.54231
367,21.47,21.167988,21.23,21.451735,21.21,21.342154,20.29,20.67327,20.34,20.629322,20.36,20.533821
368,21.47,21.33342,21.23,21.590485,21.23,21.529678,20.44,20.585812,20.44,20.65498,20.36,20.488583
369,21.35,21.297825,21.23,21.556927,21.14,21.48183,20.56,20.567585,20.46,20.65284,20.46,20.486465
370,21.44,21.310925,21.28,21.546026,21.28,21.459373,20.44,20.632679,20.44,20.672428,20.32,20.557522
371,21.44,21.316147,21.32,21.528717,21.23,21.433935,20.89,20.69098,20.36,20.680702,20.32,20.6095
372,21.49,21.376308,21.35,21.519445,21.05,21.431862,21.0,20.806961,20.39,20.71224,20.46,20.68778
373,21.37,21.490402,21.14,21.470388,21.12,21.45934,21.12,20.942213,20.34,20.756319,20.41,20.7552
374,21.39,21.535965,21.23,21.445057,21.19,21.493261,21.23,21.000608,20.49,20.779827,20.39,20.74404
375,21.49,21.519348,21.21,21.438911,21.1,21.524815,21.28,21.007341,20.39,20.768784,20.34,20.704865
376,21.44,21.495886,21.35,21.45468,21.14,21.543175,21.32,20.988403,20.51,20.752296,20.39,20.670849
377,21.42,21.474434,21.14,21.457489,21.25,21.536552,21.16,20.956182,20.36,20.734274,20.39,20.646381
378,21.32,21.462444,21.25,21.432281,21.23,21.526623,21.28,20.985237,20.46,20.736559,20.51,20.648659
379,21.42,21.460564,21.28,21.39048,21.14,21.510323,21.21,21.034351,20.49,20.752924,20.41,20.67438
380,21.51,21.453392,21.3,21.370586,21.39,21.49582,21.0,21.049078,20.41,20.757292,20.36,20.684433
381,21.51,21.444687,21.3,21.352755,21.07,21.480705,21.1,21.072039,20.39,20.757973,20.63,20.696882
382,21.47,21.447248,21.16,21.336195,21.19,21.45706,21.19,21.100378,20.41,20.761072,20.61,20.711563
383,21.51,21.44625,21.28,21.326569,21.19,21.439095,21.19,21.119017,20.54,20.76688,20.73,20.720312
384,21.78,21.671019,21.68,21.558523,21.37,21.44294,21.3,21.245361,20.66,20.990501,20.76,20.687817
385,21.56,21.676693,21.44,21.511185,21.12,21.406265,21.39,21.380066,20.46,21.043463,20.98,20.719908
386,21.56,21.698689,21.3,21.515797,21.28,21.42596,21.56,21.47525,20.71,21.087387,20.73,20.736526
387,21.49,21.730719,21.23,21.561577,21.1,21.44706,21.68,21.565002,20.89,21.121504,20.58,20.767788
388,21.78,21.738527,21.37,21.585123,21.16,21.477367,21.66,21.633902,21.03,21.140974,20.56,20.799099
389,21.73,21.749392,21.23,21.604673,21.16,21.507265,21.68,21.670664,21.19,21.163292,20.58,20.820656
390,21.73,21.752823,21.25,21.618322,21.19,21.531137,21.63,21.705933,21.3,21.181274,20.41,20.84968
391,21.68,21.752851,21.35,21.63728,21.21,21.55153,21.87,21.755316,20.98,21.19545,20.71,20.886581
392,21.75,21.757523,21.39,21.65686,21.19,21.571001,21.85,21.802427,21.12,21.208605,20.94,20.923092
393,21.73,21.765799,21.25,21.677929,21.51,21.590164,21.85,21.846205,21.07,21.221584,20.98,20.964132
394,21.83,21.777706,21.28,21.697906,21.12,21.608646,21.95,21.885975,21.21,21.230995,21.03,20.999811
395,21.75,21.79007,21.32,21.715536,21.14,21.624996,21.97,21.924149,21.19,21.239775,21.0,21.031656
396,21.9,21.78842,21.25,21.749344,21.19,21.610758,21.87,21.947004,21.21,21.242073,21.0,21.043467
397,21.73,21.801908,21.49,21.804865,21.23,21.568974,21.99,21.969152,21.23,21.239058,21.1,21.058659
398,21.73,21.826069,21.42,21.867744,21.16,21.53709,22.1,21.998241,21.12,21.240997,21.19,21.099342
399,21.73,21.861683,21.3,21.928398,21.25,21.515562,22.1,22.031273,21.19,21.24227,21.1,21.146145
