step_idx,RoomA:Sensor__room_temperature_real,RoomB:Sensor__room_temperature_real,RoomC:Sensor__room_temperature_real,RoomD:Sensor__room_temperature_real,RoomE:Sensor__room_temperature_real,RoomF:Sensor__room_temperature_real,RoomA:Sensor__room_temperature_pred,RoomB:Sensor__room_temperature_pred,RoomC:Sensor__room_temperature_pred,RoomD:Sensor__room_temperature_pred,RoomE:Sensor__room_temperature_pred,RoomF:Sensor__room_temperature_pred
800,21.99,22.42,22.1,22.29,21.25,21.51,22.051935,22.352236,22.02613,22.28325,21.34422,21.462425
801,22.01,22.31,22.08,22.15,21.23,21.47,22.098972,22.295673,21.98754,22.279182,21.406313,21.453398
802,21.97,22.29,22.13,22.04,21.16,21.44,22.138308,22.256706,21.962515,22.281414,21.451113,21.456211
803,22.04,22.47,22.13,22.01,21.14,21.44,22.173252,22.233028,21.945507,22.289227,21.48345,21.459795
804,21.92,22.24,22.08,22.06,21.19,21.49,22.20151,22.220057,21.9378,22.302588,21.505125,21.466137
805,21.99,22.22,22.06,22.06,21.21,21.56,22.225155,22.215427,21.936354,22.317398,21.520683,21.475622
806,21.97,22.19,22.08,21.99,21.16,21.42,22.244661,22.214954,21.938974,22.331089,21.53144,21.48632
807,21.87,22.19,22.04,21.95,21.19,21.47,22.261038,22.217552,21.94378,22.343489,21.540384,21.496546
808,21.87,22.29,22.13,21.85,21.25,21.42,22.274017,22.222675,21.949827,22.355503,21.547722,21.506844
809,21.23,22.19,22.08,21.75,21.16,21.3,22.284285,22.2294,21.95689,22.367182,21.554379,21.516975
810,21.78,22.19,22.08,21.71,21.25,21.49,22.292423,22.236935,21.964655,22.37855,21.560884,21.526842
811,22.01,22.29,22.08,21.75,21.12,21.37,22.299398,22.244274,21.97255,22.389267,21.567787,21.536385
812,21.97,22.22,21.97,21.68,21.14,21.21,22.305614,22.25164,21.980152,22.399958,21.574402,21.546057
813,21.83,22.24,21.9,21.78,21.25,21.39,22.31078,22.258524,21.987442,22.410122,21.581444,21.555191
814,21.9,22.13,22.9,21.59,21.16,21.25,22.314644,22.264957,21.994202,22.42025,21.588266,21.56413
815,21.75,22.01,22.04,21.59,21.1,21.37,22.317305,22.270458,22.00031,22.430109,21.59529,21.572681
816,21.87,22.13,22.04,21.54,21.07,21.19,22.318764,22.27499,22.005505,22.439985,21.602165,21.58104
817,21.83,22.06,22.01,21.54,21.12,21.35,22.319534,22.27742,22.009718,22.44874,21.610487,21.588306
818,21.9,22.1,21.92,21.56,21.12,21.25,22.3197,22.277702,22.012733,22.45663,21.619205,21.595152
819,21.85,22.04,21.9,21.44,21.03,21.19,22.320267,22.27595,22.014412,22.463097,21.627373,21.60206
820,21.87,21.92,21.87,21.49,21.0,21.23,22.320898,22.272997,22.01473,22.468988,21.634895,21.608677
821,21.83,22.01,21.87,21.42,21.12,21.25,22.321157,22.2694,22.013952,22.474443,21.641636,21.614857
822,21.8,22.06,21.9,21.42,21.14,21.35,22.320667,22.265358,22.012691,22.479544,21.647474,21.620583
823,21.73,22.06,21.87,21.37,21.07,21.21,22.319485,22.26124,22.01126,22.48469,21.652582,21.626219
824,21.71,21.92,21.75,21.23,21.03,21.12,22.318014,22.256294,22.009687,22.488968,21.658167,21.631367
825,21.71,21.95,21.75,21.23,20.85,21.14,22.316248,22.250942,22.007687,22.492838,21.663599,21.636288
826,21.68,21.99,21.83,21.16,20.94,21.12,22.314238,22.245085,22.00525,22.496357,21.66895,21.64089
827,21.78,21.95,21.85,21.07,21.0,21.03,22.311914,22.238743,22.002361,22.499273,21.674429,21.64518
828,21.75,21.95,21.71,21.21,21.0,21.19,22.309278,22.231907,21.99909,22.501516,21.679943,21.649508
829,21.71,21.95,21.83,21.21,21.0,21.05,22.306324,22.22445,21.99542,22.503115,21.685612,21.65367
830,21.71,21.99,21.85,21.16,21.0,21.16,22.302872,22.21627,21.991365,22.504307,21.690994,21.657747
831,21.61,21.87,21.78,21.03,21.03,21.12,22.298721,22.207949,21.986881,22.505678,21.6956,21.661922
832,21.68,21.75,21.78,21.1,20.96,21.16,22.293856,22.199303,21.982128,22.506983,21.699951,21.665987
833,21.54,21.87,21.68,21.05,20.94,21.12,22.288342,22.19008,21.9771,22.508083,21.704365,21.669886
834,21.49,21.8,21.68,20.98,20.94,20.96,22.281763,22.179241,21.972626,22.509398,21.70984,21.672861
835,21.51,21.85,21.78,20.89,21.03,21.07,22.273983,22.165466,21.971306,22.511145,21.71874,21.672514
836,21.59,21.85,21.71,21.05,20.91,21.1,22.266796,22.150179,21.969639,22.511951,21.728912,21.670713
837,21.61,21.85,21.68,20.96,20.94,20.89,22.260681,22.135124,21.96633,22.511927,21.737669,21.668901
838,21.56,21.83,21.63,20.98,21.03,20.96,22.255121,22.12056,21.960274,22.51146,21.744497,21.668036
839,21.66,21.8,21.73,20.87,20.94,21.07,22.249943,22.10591,21.952993,22.510311,21.75034,21.667397
840,21.61,21.78,21.59,21.07,21.05,21.05,21.996641,22.132837,21.979103,22.381311,21.785585,21.588263
841,21.68,21.78,21.83,20.85,20.87,21.03,21.81803,22.107328,21.976639,22.298326,21.804228,21.552948
842,21.51,21.83,21.61,20.91,20.96,20.98,21.675552,22.053394,21.953348,22.244005,21.816322,21.542953
843,21.47,21.73,21.75,20.87,20.85,21.0,21.552608,21.997702,21.915348,22.219912,21.828442,21.55002
844,21.44,21.75,21.66,20.85,19.85,20.94,21.436928,21.948559,21.875124,22.213163,21.842453,21.57304
845,21.44,21.75,21.61,20.78,20.87,20.96,21.323547,21.902048,21.844587,22.220583,21.859783,21.60914
846,21.54,21.73,21.56,20.87,20.94,20.91,21.202473,21.866974,21.826538,22.240568,21.88351,21.653854
847,21.39,21.75,21.63,20.78,20.87,21.03,21.072372,21.840773,21.815834,22.264584,21.911655,21.70256
848,21.56,21.75,21.56,20.8,20.76,20.94,20.935778,21.81826,21.812292,22.292765,21.942633,21.752897
849,21.44,21.71,21.56,20.78,20.96,20.94,20.78883,21.800467,21.81498,22.318779,21.977089,21.803972
850,21.39,21.73,21.59,20.61,20.82,20.94,20.637188,21.781895,21.818413,22.335018,22.015581,21.854685
851,21.39,21.73,21.51,21.28,20.87,20.8,20.494537,21.763287,21.828602,22.342258,22.054007,21.899784
852,21.47,21.8,21.61,20.85,20.91,20.91,20.368092,21.752579,21.841797,22.351542,22.086433,21.937706
853,21.28,21.83,21.42,20.78,20.89,20.96,20.257847,21.74789,21.854385,22.362717,22.113682,21.968834
854,21.44,21.73,21.56,20.85,20.89,20.94,20.16248,21.744234,21.86731,22.374977,22.136679,21.996666
855,21.42,21.8,21.61,20.68,20.91,20.96,20.08192,21.742632,21.880661,22.387154,22.157082,22.021801
856,21.42,21.51,21.42,20.58,20.87,20.82,20.016327,21.74456,21.894997,22.396605,22.176228,22.044935
857,21.44,21.63,21.63,20.56,20.82,20.85,19.963852,21.748516,21.91016,22.404322,22.19491,22.066156
858,21.44,21.61,21.49,20.61,20.78,21.03,19.923124,21.751865,21.925789,22.41109,22.213749,22.086163
859,21.42,21.66,21.51,19.71,20.78,20.82,19.891937,21.755516,21.940594,22.417278,22.232557,22.105282
860,21.37,21.61,21.37,20.66,20.89,20.89,19.869238,21.760496,21.954323,22.423569,22.249939,22.123999
861,21.39,21.51,21.42,20.66,20.78,20.85,19.85242,21.766806,21.967619,22.429583,22.266817,22.140913
862,21.35,21.49,21.54,20.51,20.78,20.87,19.841278,21.774902,21.980747,22.43521,22.282766,22.157124
863,21.37,21.73,21.51,20.61,20.68,20.87,19.836058,21.784403,21.993828,22.441513,22.296673,22.173399
864,21.49,21.68,21.47,20.58,20.87,20.89,19.835112,21.794855,22.006912,22.44801,22.310081,22.188374
865,21.37,21.51,21.49,20.56,20.76,20.78,19.838001,21.806395,22.020027,22.45491,22.322968,22.20262
866,21.39,21.68,21.44,20.68,20.82,20.76,19.84381,21.818987,22.033344,22.462059,22.335854,22.216124
867,21.37,21.59,21.37,20.54,20.76,20.91,19.852661,21.83258,22.046797,22.46988,22.347948,22.22964
868,21.42,21.66,21.49,20.51,20.78,20.87,19.86344,21.846897,22.060486,22.477766,22.36041,22.242336
869,21.32,21.68,21.47,20.63,20.8,20.87,19.875757,21.8618,22.074394,22.485546,22.37325,22.254433
870,21.37,21.61,21.59,20.58,20.82,20.82,19.89077,21.877577,22.088734,22.494358,22.384872,22.267704
871,21.54,21.59,21.42,20.51,20.78,20.85,19.907597,21.89423,22.103567,22.503782,22.396667,22.281042
872,21.42,21.61,21.39,20.61,20.73,20.85,19.92599,21.91163,22.11883,22.513615,22.408733,22.294413
873,21.51,21.56,21.47,20.61,20.68,20.82,19.945988,21.929071,22.13459,22.523386,22.421518,22.307598
874,21.39,21.49,21.37,20.56,20.73,20.73,19.951462,21.94756,22.14911,22.51528,22.42537,22.298853
875,21.49,21.51,21.44,20.51,20.66,20.76,19.97654,21.954662,22.16466,22.528683,22.443102,22.315203
876,21.47,21.51,21.56,20.49,20.76,20.76,19.964573,21.970478,22.159475,22.46915,22.413105,22.26286
877,21.28,21.63,21.35,20.46,20.66,20.68,19.983723,21.954502,22.162066,22.4932,22.429121,22.284946
878,21.49,21.51,21.44,20.46,20.78,20.78,20.022419,21.939257,22.084633,22.358538,22.316866,22.109808
879,21.32,21.51,21.23,20.36,20.76,20.76,19.98385,21.885696,22.064667,22.371183,22.31547,22.123257
880,21.39,21.44,21.39,20.46,20.73,20.78,20.153461,21.792297,21.894548,22.16478,22.072115,21.815475
881,21.28,21.42,21.47,20.46,20.73,20.71,20.268724,21.701254,21.7654,22.06229,21.924164,21.629818
882,21.37,21.54,21.42,20.46,20.66,20.71,20.30949,21.64277,21.686941,22.009567,21.83282,21.528065
883,21.28,21.49,21.44,20.44,20.82,20.76,20.353987,21.60168,21.62151,21.941015,21.740221,21.437994
884,21.42,21.61,21.35,20.49,20.68,20.78,20.330532,21.5669,21.591295,21.885345,21.697983,21.407492
885,21.37,21.61,21.47,20.46,20.66,20.78,20.253048,21.509815,21.581642,21.885515,21.711655,21.456688
886,21.54,21.49,21.39,20.46,20.41,20.89,20.334139,21.52066,21.517256,21.818178,21.607008,21.342054
887,21.39,21.51,21.35,20.46,20.71,20.71,20.236515,21.3943,21.483692,21.87907,21.662243,21.498995
888,21.47,21.49,21.35,20.46,20.8,20.76,20.221876,21.423481,21.479136,21.685442,21.406885,21.196663
889,21.37,21.54,21.37,20.39,20.78,20.78,20.325148,21.41005,21.40214,21.649364,21.374481,21.115213
890,21.23,21.54,21.32,20.41,20.82,20.73,20.248774,21.285793,21.358494,21.722645,21.45869,21.27906
891,21.37,21.49,21.44,20.44,20.63,20.76,20.129332,21.24244,21.346704,21.805285,21.538185,21.394165
892,21.35,21.47,21.35,20.39,20.71,20.66,20.010788,21.27559,21.386814,21.85144,21.599245,21.44284
893,21.35,21.39,21.39,20.41,20.66,20.76,19.90772,21.246674,21.40811,21.940174,21.69075,21.548336
894,21.39,21.39,21.42,20.41,20.66,20.54,20.004154,21.367222,21.399506,21.85929,21.603456,21.429533
895,21.28,21.44,21.3,20.51,20.63,20.68,19.914291,21.279314,21.43216,21.939856,21.700043,21.548672
896,21.49,21.49,21.32,20.44,20.61,20.78,19.826117,21.267853,21.458933,22.004108,21.774086,21.63074
897,21.32,21.44,21.35,20.41,20.76,20.68,19.748857,21.277592,21.495266,22.050531,21.832632,21.69056
898,21.3,21.42,21.25,20.39,20.61,20.68,19.694641,21.342999,21.53465,22.016768,21.841837,21.665157
899,21.32,21.42,21.3,20.29,20.66,20.76,19.792757,21.382446,21.497429,21.940395,21.776358,21.563757
900,21.44,21.47,21.23,20.49,20.68,20.63,19.953167,21.41469,21.457687,21.86327,21.659977,21.45417
901,21.42,21.35,21.35,20.29,20.61,20.58,19.883087,21.353668,21.491682,21.89277,21.71392,21.514112
902,21.32,21.49,21.3,20.34,20.51,20.54,19.817348,21.291077,21.490772,21.969936,21.789768,21.617035
903,21.32,21.49,21.35,20.41,20.61,20.76,19.834837,21.360964,21.477108,21.922237,21.74825,21.53368
904,21.3,21.42,21.35,20.32,20.56,20.73,19.955397,21.27285,21.455942,21.69901,21.261547,20.975395
905,21.42,21.37,21.35,20.39,20.61,20.8,19.965061,21.226534,21.3541,21.671116,21.365807,21.13016
906,21.35,21.37,21.35,20.51,20.66,20.58,20.040434,21.179897,21.32409,21.530176,21.069757,20.808004
907,21.35,21.39,21.35,20.51,20.54,20.61,20.042053,21.082186,21.210793,21.597448,21.222372,21.01868
908,21.37,21.32,21.37,20.61,20.58,20.66,19.957611,21.0352,21.183092,21.69889,21.351341,21.199768
909,21.25,21.37,21.32,20.82,20.61,20.66,19.85256,21.036633,21.209475,21.803604,21.466667,21.337414
910,21.23,21.32,21.25,20.66,20.51,20.66,19.74009,21.069836,21.269844,21.894884,21.578934,21.44474
911,21.39,21.37,21.23,20.76,20.68,20.66,19.651112,21.106653,21.329876,21.961405,21.675756,21.535637
912,21.3,21.37,21.37,20.8,20.46,20.63,19.559196,21.138458,21.394947,22.020308,21.756863,21.596636
913,21.21,21.39,21.28,20.61,20.56,20.68,19.483261,21.16977,21.459942,22.066208,21.820396,21.645618
914,21.32,21.39,21.37,20.68,20.54,20.71,19.421997,21.197819,21.516424,22.102303,21.87216,21.686806
915,21.37,21.49,21.3,20.44,20.46,20.63,19.378113,21.226227,21.563705,22.128313,21.917864,21.723375
916,21.35,21.47,21.3,20.56,20.54,20.61,19.347473,21.254587,21.60172,22.149952,21.959755,21.75491
917,21.35,21.35,21.21,20.56,20.73,20.63,19.327324,21.280815,21.635853,22.169641,21.997206,21.787794
918,21.37,21.47,21.37,20.68,20.58,20.73,19.314392,21.305826,21.668007,22.188585,22.031483,21.820406
919,21.32,21.39,21.35,20.46,20.46,20.68,19.365475,21.373041,21.692122,22.102518,22.013678,21.76271
920,21.42,21.37,21.37,20.54,20.56,20.71,19.360428,21.345303,21.70029,22.151077,22.042513,21.818264
921,21.42,21.37,21.42,20.51,20.61,20.51,19.399153,21.356203,21.689661,22.16255,21.997906,21.788527
922,21.25,21.35,21.37,20.61,20.63,20.63,19.384531,21.35103,21.702354,22.191439,22.041399,21.826992
923,21.42,21.37,21.35,20.51,20.58,20.66,19.36979,21.365967,21.722225,22.214403,22.076923,21.8584
924,21.42,21.68,21.32,20.46,20.51,20.51,19.37396,21.41082,21.74708,22.199211,22.088104,21.859442
925,21.3,21.49,21.37,20.49,20.56,20.44,19.487274,21.45233,21.730118,22.102161,22.032352,21.751032
926,21.32,21.37,21.23,20.54,20.46,20.66,19.471905,21.398481,21.732061,22.157679,22.058706,21.81623
927,21.39,21.42,21.25,20.44,20.54,20.63,19.472694,21.431868,21.742342,22.12833,22.051538,21.793587
928,21.3,21.47,21.25,20.44,20.51,20.66,19.47764,21.437077,21.748003,22.113457,22.04749,21.788849
929,21.49,21.32,21.25,20.49,20.58,20.76,19.466324,21.41536,21.746334,22.154917,22.064732,21.826464
930,21.28,21.49,21.25,20.56,20.58,20.73,19.492447,21.448685,21.751423,22.104694,22.044964,21.776762
931,21.47,21.37,21.23,20.34,20.58,20.61,19.747002,21.477394,21.645023,22.036175,21.915638,21.622858
932,21.19,21.42,21.16,20.36,20.54,20.61,19.98238,21.487228,21.574734,21.987268,21.745007,21.472206
933,21.32,21.42,21.3,20.44,20.54,20.58,19.914677,21.402163,21.609737,22.018316,21.811558,21.507317
934,21.32,21.32,21.32,20.41,20.61,20.56,19.847507,21.338633,21.606564,22.085373,21.886652,21.590359
935,21.32,21.35,21.28,20.39,20.61,19.28,19.844425,21.398684,21.619452,22.069714,21.867987,21.551012
936,21.25,21.32,21.25,20.27,20.46,20.66,20.028267,21.462013,21.557493,21.96656,21.704376,21.408152
937,21.21,21.37,21.12,20.36,20.58,20.44,20.120153,21.454575,21.531559,21.823383,21.525785,21.231007
938,21.37,21.35,21.28,20.39,20.51,20.58,20.173672,21.287489,21.497393,21.68996,21.103495,20.756472
939,21.47,21.28,21.16,20.39,20.66,20.51,20.246616,21.26772,21.384903,21.683622,21.190292,20.839647
940,21.21,21.39,21.23,20.41,20.41,20.54,20.223461,21.178467,21.326813,21.752808,21.30619,20.999481
941,21.32,21.44,21.3,20.41,20.44,20.58,20.136038,21.140842,21.312399,21.830364,21.415874,21.14867
942,21.3,21.28,21.19,20.39,20.51,20.51,20.077364,21.261005,21.362543,21.807047,21.453434,21.166536
943,21.39,21.32,21.39,20.61,20.46,20.56,19.989813,21.176325,21.375746,21.894215,21.547644,21.306732
944,21.42,21.47,21.21,20.58,20.22,20.56,19.913483,21.178854,21.380222,21.974716,21.603155,21.372587
945,21.3,21.28,21.3,20.36,20.63,20.51,19.824919,21.210627,21.418509,22.009495,21.660275,21.427551
946,21.42,21.37,21.23,20.41,20.56,20.63,19.743717,21.194561,21.457705,22.064693,21.754501,21.527748
947,21.25,21.37,21.49,20.56,20.54,20.61,19.676641,21.237103,21.506262,22.079575,21.812712,21.56774
948,21.42,21.25,21.28,20.44,20.61,20.58,19.864294,21.111572,21.506573,22.168419,21.84439,21.582146
949,21.35,21.28,21.28,20.49,20.51,20.49,20.037876,21.164162,21.500675,22.114756,21.75591,21.378958
950,21.23,21.32,21.23,20.46,20.29,20.46,20.230927,21.175291,21.464956,22.108852,21.671791,21.248957
951,21.32,21.25,21.12,20.32,20.44,20.56,20.437649,21.14697,21.421211,22.145575,21.64531,21.215984
952,21.23,21.39,21.1,20.46,20.61,20.49,20.683521,21.406233,21.320633,22.263607,21.420979,21.005653
953,21.3,21.32,21.35,20.36,20.39,20.51,20.916882,21.255352,21.380312,22.276136,21.475891,21.123417
954,21.28,21.42,21.23,20.32,20.41,19.5,20.931541,21.400454,21.429241,22.21163,21.372498,20.924309
955,21.25,21.37,21.3,20.46,20.51,20.58,20.77074,21.40721,21.536995,21.930798,20.97618,20.46508
956,21.35,21.35,21.3,20.54,20.46,20.56,21.035955,21.257332,21.368067,21.839033,21.01088,20.578688
957,21.32,21.35,21.14,20.27,20.44,20.61,21.046656,21.22961,21.334442,21.73085,21.008886,20.533175
958,21.49,21.37,21.25,20.51,20.63,20.51,21.23214,21.15158,21.214115,21.820478,21.057224,20.650665
959,21.25,21.32,21.23,20.71,20.54,20.51,21.29523,21.166597,21.183386,21.959627,21.125246,20.773075
960,21.35,21.23,21.35,20.76,20.46,20.66,21.361069,21.152714,21.206787,21.973356,21.189804,20.816402
961,21.37,21.32,21.51,20.71,20.51,20.46,21.429707,21.1603,21.226627,22.004557,21.22817,20.861727
962,21.28,21.23,21.32,20.76,20.58,20.51,21.508413,21.153336,21.23226,22.055984,21.198921,20.881207
963,21.32,21.39,21.23,20.73,20.51,20.46,21.55119,21.177832,21.246578,22.079433,21.216331,20.910206
964,21.37,21.35,21.25,20.66,20.49,20.68,21.58351,21.209595,21.250114,22.11392,21.231596,20.952324
965,21.35,21.37,21.37,20.82,20.58,20.51,21.622425,21.215319,21.277065,22.128576,21.23319,20.95942
966,21.25,21.32,21.3,20.85,20.49,20.56,21.60345,21.256233,21.246572,22.274029,21.281935,21.071348
967,21.37,21.21,21.19,20.73,20.58,20.34,21.617935,21.252253,21.301273,22.248537,21.325193,21.090088
968,21.16,21.35,21.25,20.73,20.46,20.56,21.640839,21.26491,21.306927,22.26913,21.350542,21.114147
969,21.35,21.39,21.25,20.58,20.34,20.51,21.670637,21.262583,21.332966,22.254835,21.362942,21.107033
970,21.35,21.21,21.25,20.61,20.49,20.63,21.712616,21.262772,21.334705,22.259047,21.349737,21.095907
971,21.28,21.28,21.35,20.58,20.51,20.61,21.746012,21.273733,21.341814,22.249283,21.34814,21.085546
972,21.32,21.3,21.21,20.56,20.41,20.51,21.759752,21.301014,21.35943,22.22275,21.377256,21.089098
973,21.37,21.25,21.28,20.56,20.36,20.58,21.77054,21.329067,21.378927,22.204384,21.409363,21.094725
974,21.23,21.39,21.21,20.61,20.44,20.56,21.689741,21.398853,21.339823,22.419413,21.458601,21.229874
975,21.25,21.37,21.32,20.61,20.51,20.61,21.712397,21.36126,21.412542,22.360855,21.51006,21.247112
976,21.25,21.35,21.3,20.54,20.51,20.66,21.745375,21.36076,21.433239,22.342503,21.54273,21.246927
977,21.47,21.49,21.25,20.49,20.41,20.51,21.776672,21.361824,21.443071,22.315006,21.559547,21.238073
978,21.37,21.3,21.32,20.61,20.39,20.56,21.803223,21.370396,21.450031,22.293114,21.57053,21.23046
979,21.51,21.35,21.35,20.51,20.46,20.66,21.823105,21.392334,21.46233,22.274582,21.568108,21.200436
980,21.39,21.35,21.23,20.56,20.61,20.54,21.853855,21.402628,21.470015,22.259966,21.566357,21.202078
981,21.35,21.25,21.32,20.51,20.46,20.44,21.878906,21.419373,21.479689,22.24765,21.568752,21.20064
982,21.25,21.47,21.23,20.54,20.51,20.54,21.88922,21.432188,21.481655,22.259985,21.57149,21.208063
983,21.35,21.39,21.19,20.54,20.61,20.66,21.924618,21.435112,21.492064,22.248747,21.560719,21.202106
984,21.25,21.32,21.32,20.46,20.44,20.56,21.907291,21.457678,21.503305,22.201595,21.499338,21.065735
985,21.32,21.25,21.32,20.51,20.44,20.63,21.966606,21.401434,21.473886,22.186659,21.419773,21.045296
986,21.44,21.23,21.3,20.61,20.51,20.63,21.995934,21.381927,21.447443,22.165771,21.371307,21.017605
987,21.32,21.47,21.39,20.66,20.46,20.63,22.022364,21.30426,21.411364,22.119896,21.285036,20.959682
988,21.42,21.39,21.25,20.68,20.54,20.63,22.01992,21.267992,21.382889,22.07618,21.23475,20.921385
989,21.3,21.37,21.35,20.56,20.46,20.61,22.00447,21.25223,21.364746,22.038122,21.20184,20.896173
990,21.44,21.32,21.37,20.63,20.51,20.73,22.026588,21.141556,21.335718,21.946854,21.100882,20.810862
991,21.44,21.51,21.21,20.41,20.46,20.54,22.042406,21.073574,21.296787,21.843416,21.003296,20.687822
992,21.37,21.39,21.39,20.63,20.58,20.68,21.989573,21.064085,21.27907,21.743706,20.911974,20.575663
993,21.37,21.39,21.3,20.56,20.41,20.56,22.030193,21.027712,21.258192,21.631994,20.798979,20.494375
994,21.42,21.42,21.3,20.56,20.54,20.66,22.059122,21.019655,21.252714,21.51216,20.71176,20.405466
995,21.49,21.42,21.32,20.73,20.68,20.76,22.08998,21.055511,21.26809,21.446045,20.684345,20.363054
996,21.44,21.44,21.3,20.46,20.51,20.73,22.040215,21.127453,21.32579,21.399446,20.708233,20.335697
997,21.35,21.49,21.3,20.49,20.51,20.66,22.059559,21.190102,21.360674,21.397867,20.71668,20.378656
998,21.37,21.42,21.28,20.51,20.61,20.73,22.080194,21.248596,21.39476,21.394833,20.731726,20.41355
999,21.44,21.37,21.3,20.61,20.54,20.71,22.109264,21.279984,21.420013,21.374989,20.731785,20.423777
1000,21.3,21.44,21.35,20.46,20.56,20.63,22.125937,21.32424,21.450699,21.35984,20.745546,20.43595
1001,21.23,21.54,21.42,20.61,20.61,20.71,22.134918,21.369001,21.484102,21.344707,20.765362,20.44702
1002,21.28,21.54,21.32,20.58,20.63,20.76,22.141188,21.418526,21.5187,21.33458,20.791862,20.466877
1003,21.49,21.47,21.37,20.49,20.49,20.68,22.124224,21.462694,21.554356,21.308964,20.821392,20.479513
1004,21.37,21.49,21.47,20.54,20.46,20.66,21.943699,21.392109,21.487724,21.34502,20.738047,20.51963
1005,21.54,21.37,21.49,20.51,20.56,20.85,21.836285,21.314667,21.417341,21.402382,20.664114,20.567192
1006,21.42,21.49,21.35,20.44,20.63,20.63,21.755083,21.183947,21.334383,21.445911,20.598747,20.581602
1007,21.47,21.44,21.25,20.46,20.56,20.82,21.658428,21.093727,21.246105,21.520857,20.56593,20.593454
1008,21.39,21.44,21.39,20.51,20.66,20.66,21.543844,21.065083,21.152214,21.624067,20.581427,20.619116
1009,21.49,21.54,21.35,20.46,20.56,20.68,21.417303,21.042648,21.079628,21.734346,20.613188,20.65783
1010,21.42,21.49,21.3,20.56,20.66,20.76,21.28461,21.007355,21.02599,21.847216,20.651588,20.712566
1011,21.32,21.49,21.42,20.49,20.58,20.85,21.145916,21.055851,21.043463,21.929493,20.733736,20.699509
1012,21.47,21.39,21.32,20.66,20.54,20.8,21.064495,20.958715,20.999979,22.051565,20.763042,20.80267
1013,21.42,21.56,21.25,20.49,20.58,20.76,20.840693,21.107822,21.139055,21.96571,20.71843,20.589607
1014,21.39,21.44,21.35,20.54,20.68,20.71,20.86216,20.957825,21.0197,22.076487,20.749361,20.738754
1015,21.42,21.44,21.49,20.56,20.56,20.76,20.827055,20.809805,20.93672,22.169481,20.777939,20.869682
1016,21.37,21.42,21.3,20.51,20.66,20.82,20.767027,20.675335,20.880861,22.208002,20.79922,20.92254
1017,21.32,21.54,21.32,20.46,20.49,20.61,20.676369,20.59967,20.832315,22.251766,20.821527,20.973392
1018,21.61,21.56,21.28,20.51,20.56,20.76,20.552782,20.551758,20.791685,22.355282,20.856049,21.089281
1019,21.47,21.51,21.47,20.56,20.58,20.89,20.409115,20.540459,20.78503,22.468237,20.921768,21.206825
1020,21.42,21.49,21.49,20.61,20.66,20.82,20.257023,20.532536,20.80165,22.561317,21.001583,21.33009
1021,21.42,21.54,21.44,20.56,20.51,20.85,20.170998,20.56026,20.843319,22.586176,21.057476,21.340006
1022,22.15,21.59,21.56,20.41,20.49,20.87,20.204212,20.369114,20.817053,22.64204,21.013811,21.337236
1023,21.39,21.59,21.39,20.54,20.66,20.8,20.22269,20.251484,20.745102,22.66169,20.971666,21.31156
1024,21.44,21.51,21.51,20.54,20.63,20.85,20.199791,20.184858,20.68388,22.667921,20.94595,21.303074
1025,21.56,21.51,21.35,20.41,20.51,20.76,20.12251,20.182962,20.657713,22.678492,20.950985,21.342915
1026,21.44,21.49,21.42,20.54,20.63,20.91,20.020754,20.197386,20.655357,22.689808,20.9727,21.392836
1027,21.51,21.61,21.44,20.54,20.68,20.89,19.945732,20.188517,20.667158,22.705902,20.99245,21.424576
1028,21.63,21.75,21.32,20.54,20.58,20.94,19.98629,20.131134,20.667416,22.726215,20.980316,21.389477
1029,21.39,21.56,21.35,20.46,20.58,20.82,20.081215,20.065546,20.635328,22.720484,20.94878,21.287447
1030,21.59,21.68,21.35,20.58,20.66,20.91,20.183311,20.002111,20.574558,22.701008,20.90084,21.176167
1031,21.51,21.54,21.49,20.61,20.56,20.78,20.264849,20.024878,20.588116,22.521564,20.917677,21.007153
1032,21.51,21.68,21.47,20.54,20.71,20.94,20.261578,20.077465,20.549805,22.570269,20.889069,21.098934
1033,21.49,21.56,21.54,20.49,20.51,20.91,20.147957,20.185116,20.57853,22.593708,20.917273,21.203999
1034,21.66,21.49,21.39,20.49,20.68,20.8,20.10781,20.378984,20.709215,22.520409,20.945099,21.139053
1035,21.47,21.73,21.47,20.54,20.58,20.94,20.212288,20.217508,20.67855,22.577538,20.900946,21.146723
1036,21.59,21.51,21.44,20.56,20.71,20.91,20.287682,20.09208,20.604918,22.591206,20.853466,21.103256
1037,21.59,21.83,21.47,20.54,20.68,20.76,20.361528,20.025328,20.559017,22.513412,20.834053,20.997265
1038,21.61,21.71,21.66,20.61,20.66,20.91,20.41375,19.934761,20.479584,22.505165,20.76013,20.98095
1039,21.63,21.78,21.56,20.61,20.61,20.96,20.45425,19.86805,20.4154,22.486048,20.696774,20.953922
1040,21.66,21.68,21.66,20.46,20.71,20.91,20.446827,19.993296,20.516348,22.240286,20.74261,20.745241
1041,21.66,21.8,21.59,20.56,20.66,20.82,20.565647,19.954834,20.386585,22.289103,20.646584,20.73102
1042,22.19,21.87,21.56,20.56,20.73,20.98,20.653881,19.9254,20.326109,22.284443,20.570684,20.731783
1043,21.63,21.83,21.66,20.54,20.61,20.98,20.710056,19.891222,20.291729,22.26607,20.51168,20.74673
1044,21.75,22.06,21.71,20.68,20.71,20.96,20.722538,19.863043,20.274511,22.24562,20.468529,20.764761
1045,21.75,22.04,21.71,20.46,20.68,20.94,20.705725,19.855013,20.268122,22.239151,20.442375,20.789808
1046,22.01,22.06,21.73,20.58,20.66,21.0,20.671047,19.858389,20.271885,22.248795,20.429207,20.818335
1047,21.87,21.99,21.68,20.66,20.61,20.89,20.62464,19.86254,20.280064,22.267462,20.42655,20.846725
1048,21.85,22.08,21.75,20.68,20.56,20.91,20.569893,19.864014,20.290121,22.289753,20.432184,20.873926
1049,21.95,22.22,21.83,20.63,20.73,20.87,20.508408,19.86349,20.301746,22.314495,20.447262,20.89777
1050,21.87,22.22,21.78,20.66,20.61,20.85,20.447311,19.862375,20.311853,22.343834,20.470804,20.919882
1051,22.01,22.15,21.97,20.78,20.68,21.0,20.38766,19.860632,20.32198,22.376717,20.498817,20.942522
1052,21.95,22.29,21.87,20.78,20.66,20.96,20.35114,19.864307,20.337603,22.412157,20.533104,20.955816
1053,22.15,22.42,21.83,20.73,20.73,20.82,20.342371,19.872864,20.352573,22.4409,20.574162,20.946198
1054,22.17,22.49,21.97,20.73,20.76,20.98,20.32418,19.896269,20.362724,22.473385,20.613796,20.954035
1055,22.15,22.54,21.99,20.68,20.71,20.87,20.294449,19.926191,20.37946,22.514082,20.656874,20.988472
1056,22.15,22.51,22.01,20.78,20.66,20.96,20.27213,19.953533,20.405886,22.554419,20.701572,21.029902
1057,22.22,22.58,22.01,20.68,20.63,20.89,20.255342,19.989523,20.43877,22.587313,20.744312,21.074163
1058,22.31,22.58,22.22,20.82,20.44,20.8,20.2072,20.020779,20.474125,22.61649,20.786346,21.131817
1059,22.29,22.8,22.19,20.87,20.68,20.76,20.03445,20.197258,20.583033,22.600603,20.939762,21.167055
1060,22.33,22.75,22.19,20.94,20.51,20.87,19.962952,20.29873,20.691532,22.607569,21.060366,21.229422
1061,22.54,22.75,22.19,20.89,20.76,20.91,19.938478,20.395763,20.793667,22.618996,21.158644,21.294796
1062,22.51,22.75,22.22,20.89,20.66,20.87,19.923283,20.510942,20.89658,22.637518,21.262033,21.369692
1063,22.49,22.87,22.31,21.03,20.68,20.85,19.903538,20.62718,21.009218,22.657917,21.375416,21.46838
1064,22.51,22.87,22.22,20.87,20.71,20.91,19.917278,20.724926,21.10048,22.682703,21.483868,21.547712
1065,22.49,22.87,22.24,20.89,20.63,20.78,19.942183,20.80347,21.177101,22.703667,21.57587,21.607964
1066,22.58,22.87,22.26,20.96,20.71,20.89,19.983387,20.84306,21.21648,22.721294,21.61575,21.623951
1067,22.61,22.82,22.38,20.91,20.73,20.78,20.023384,20.877234,21.247726,22.732332,21.64895,21.64023
1068,22.63,22.82,22.1,20.71,20.61,20.94,20.056118,20.939854,21.30074,22.742794,21.717543,21.688723
1069,22.63,22.94,22.56,20.89,20.49,20.78,20.089348,21.018799,21.37929,22.75047,21.81388,21.757687
1070,22.73,22.87,22.29,20.98,20.51,20.82,20.1218,21.111088,21.474554,22.758577,21.922644,21.82398
1071,22.73,22.9,22.33,20.96,20.61,20.85,20.148142,21.21809,21.560556,22.765274,22.017063,21.872595
1072,22.73,23.02,22.29,20.8,20.66,20.87,20.163832,21.32085,21.628813,22.760777,22.07156,21.892956
1073,22.56,22.92,22.29,21.03,20.73,20.76,20.16284,21.41032,21.68933,22.757362,22.09909,21.885036
1074,22.56,22.85,22.24,20.8,20.61,20.8,20.165098,21.46741,21.74054,22.75226,22.122545,21.864922
1075,22.51,22.8,22.38,20.89,20.61,20.8,20.176075,21.50822,21.779205,22.74848,22.139221,21.849277
1076,22.51,22.68,22.24,20.8,20.63,20.89,20.103638,21.594002,21.890097,22.624159,22.209522,21.885553
1077,22.44,22.7,22.22,20.73,20.63,20.68,20.065859,21.667158,21.95415,22.560518,22.255638,21.918612
1078,22.54,22.68,22.1,20.68,20.66,20.78,20.0525,21.720304,22.000355,22.526094,22.289835,21.954844
1079,22.73,22.58,22.22,20.71,20.63,20.91,20.049372,21.760946,22.040083,22.513556,22.320011,21.988453
1080,22.87,22.8,22.1,20.63,20.61,20.76,20.059338,21.797783,22.079641,22.529459,22.340324,22.015932
1081,22.75,23.02,22.49,20.61,20.56,20.89,20.071852,21.828999,22.119345,22.536297,22.379263,22.042437
1082,22.92,22.94,22.78,21.21,20.56,20.73,20.096931,21.863121,22.158808,22.549374,22.412909,22.072947
1083,22.8,22.99,22.68,21.44,20.51,20.76,20.133432,21.90036,22.19947,22.56635,22.445879,22.103527
1084,22.68,22.87,22.66,21.68,20.56,20.8,20.184158,21.941673,22.242966,22.586674,22.477985,22.133383
1085,22.78,22.92,22.51,21.85,20.76,20.76,20.244564,21.984913,22.289913,22.608303,22.513252,22.163979
1086,22.8,22.82,22.47,21.73,21.14,20.76,20.314445,22.03321,22.341524,22.634539,22.550632,22.194687
1087,22.82,22.87,22.58,21.85,21.35,20.73,20.40931,21.937527,22.352032,22.722075,22.4901,22.293053
1088,22.82,22.9,22.66,21.75,21.25,20.73,20.460815,21.920637,22.341133,22.78789,22.4795,22.329552
1089,22.8,22.8,22.66,21.78,21.25,20.68,20.496025,21.926262,22.343859,22.834978,22.483793,22.347624
1090,22.73,22.75,22.51,21.75,21.35,20.68,20.524828,22.09221,22.409376,22.81572,22.600471,22.297342
1091,22.75,22.85,22.44,21.75,21.44,20.78,20.60474,22.18649,22.51803,22.814741,22.676643,22.30489
1092,22.78,22.73,22.44,21.73,21.28,20.78,20.724375,22.269928,22.62549,22.82844,22.74647,22.336588
1093,22.82,22.78,22.54,21.75,21.32,20.71,20.87304,22.368635,22.735998,22.857718,22.818964,22.382483
1094,22.7,22.73,22.44,21.87,21.21,20.71,21.051516,22.47892,22.853657,22.899483,22.894587,22.446676
1095,22.61,22.61,22.54,21.73,21.32,20.73,21.255003,22.601469,22.980087,22.95057,22.972324,22.52966
1096,22.56,22.87,22.44,21.87,21.32,20.61,21.475903,22.732473,23.110098,23.001062,23.051298,22.617748
1097,22.56,22.63,22.4,22.31,21.32,20.71,21.717894,22.879463,23.252272,23.058603,23.133118,22.690302
1098,22.66,22.63,22.38,21.87,21.3,20.68,21.970598,23.035114,23.400324,23.120138,23.216442,22.730639
1099,22.56,22.63,22.35,21.87,21.32,20.63,22.230618,23.189116,23.551907,23.182476,23.295982,22.75927
1100,22.63,22.54,22.26,21.85,21.49,20.73,22.510775,23.331497,23.690329,23.224121,23.375326,22.781399
1101,22.63,22.56,22.31,21.87,21.37,20.66,22.795424,23.462614,23.82405,23.264418,23.437757,22.830158
1102,22.49,22.56,22.51,21.97,21.35,20.66,23.094984,23.614866,23.923563,23.307838,23.472038,22.881626
1103,22.73,22.63,22.31,21.95,21.35,20.61,23.301912,23.717325,23.892189,23.394535,23.552633,22.93116
1104,22.47,22.73,22.35,21.95,21.39,20.76,23.462683,23.794765,23.926363,23.469229,23.614164,22.96431
1105,22.44,22.49,22.42,21.85,21.42,20.68,23.57551,23.856583,23.974516,23.535719,23.662596,22.988743
1106,22.42,22.54,22.08,21.92,21.49,20.66,23.738459,23.944653,23.997902,23.535423,23.753658,22.95169
1107,22.44,22.44,22.13,21.87,21.59,20.56,23.844933,24.00771,24.048925,23.528505,23.775915,22.951445
1108,22.44,22.22,22.15,21.71,21.51,20.58,23.968836,24.11207,24.11717,23.640823,23.622446,22.949583
1109,22.31,22.24,22.17,21.54,21.44,20.63,24.059275,24.255173,24.180433,23.697102,23.514051,22.877748
1110,22.24,22.29,22.06,21.32,21.28,20.91,24.15917,24.297462,24.192644,23.624586,23.603872,22.758532
1111,22.31,22.31,21.99,21.25,21.12,21.05,24.21692,24.314772,24.242645,23.561687,23.624516,22.695374
1112,22.38,22.19,22.1,21.23,21.16,21.1,24.253231,24.351816,24.29429,23.507135,23.617743,22.65425
1113,22.17,22.08,22.04,21.12,21.05,21.32,24.281855,24.409666,24.342346,23.450697,23.595049,22.622704
1114,22.19,22.17,21.95,20.98,21.0,21.07,24.317123,24.569557,24.27813,23.413269,23.406952,22.628038
1115,22.15,22.19,21.97,20.91,20.85,20.91,24.328444,24.684147,24.263962,23.343344,23.261023,22.593616
1116,22.19,22.19,21.92,20.94,20.94,20.91,24.304169,24.758305,24.275824,23.243763,23.13549,22.546883
1117,22.24,22.22,22.06,21.05,20.89,20.8,24.278612,24.825354,24.290487,23.136736,23.017216,22.486593
1118,22.08,22.1,21.87,20.91,20.98,20.76,24.282337,24.886292,24.302223,23.03126,22.897537,22.415888
1119,22.04,22.08,21.99,20.82,20.87,20.76,24.314949,24.948704,24.322042,22.937384,22.784277,22.338652
1120,21.99,22.13,21.87,20.82,20.8,20.71,24.402693,25.009861,24.34691,22.849958,22.680738,22.240377
1121,22.06,22.06,21.87,20.76,20.8,20.63,24.533676,25.062422,24.386286,22.768494,22.584156,22.12706
1122,22.04,22.04,21.75,20.82,20.98,20.82,24.664965,25.095226,24.430676,22.699627,22.497665,22.008972
1123,22.19,22.08,21.85,20.82,20.76,20.76,24.781736,25.134453,24.464512,22.64151,22.415596,21.89506
1124,22.24,21.99,21.8,20.68,20.78,20.78,24.886995,25.166645,24.498436,22.590818,22.335741,21.791948
1125,22.1,22.06,21.78,20.76,20.68,20.61,24.98136,25.203302,24.523376,22.559824,22.263096,21.708689
1126,22.06,22.01,21.73,20.68,20.8,20.58,25.066305,25.233582,24.545536,22.548758,22.200653,21.644041
1127,21.99,22.01,21.78,20.76,20.8,20.63,25.14147,25.257992,24.564466,22.549513,22.150982,21.594473
1128,21.95,22.04,21.71,20.71,20.76,20.71,25.059052,25.207949,24.51678,22.505358,22.134346,21.465662
1129,22.1,21.95,21.75,20.71,20.68,20.73,25.005568,25.151918,24.48037,22.4788,22.07131,21.394686
1130,21.97,21.87,21.63,20.56,20.66,20.56,24.959341,25.09881,24.447502,22.453388,22.0036,21.337498
1131,22.1,21.99,21.68,20.54,20.58,20.58,24.907608,25.04503,24.414614,22.427132,21.940088,21.282103
1132,21.97,21.95,21.28,20.54,20.71,20.51,24.850645,24.990768,24.379972,22.399504,21.879883,21.228308
1133,21.8,21.97,21.71,20.68,20.78,20.49,24.757486,24.874672,24.327244,22.347729,21.795998,21.196442
1134,22.08,21.87,21.61,20.51,20.68,20.66,24.704763,24.842617,24.286814,22.32047,21.7537,21.136845
1135,21.75,21.9,21.63,20.51,20.73,20.46,24.662083,24.79788,24.256092,22.29413,21.704412,21.09267
1136,21.85,21.97,21.66,20.49,20.63,20.51,24.61867,24.726784,24.204617,22.263447,21.67733,21.038973
1137,21.85,21.95,21.71,20.56,20.76,20.68,24.580029,24.691124,24.18457,22.246758,21.614725,21.01648
1138,21.92,21.9,21.68,20.34,20.68,20.73,24.550095,24.65583,24.157707,22.218311,21.57626,20.988064
1139,21.85,21.87,21.51,20.54,20.56,20.58,24.516249,24.62355,24.137598,22.204552,21.531437,20.962408
1140,21.83,21.83,21.61,20.44,20.61,20.71,24.487585,24.592094,24.115406,22.177595,21.507208,20.940363
1141,21.97,21.85,21.59,20.34,20.58,20.56,24.4292,24.496656,24.052362,22.159843,21.532763,20.900417
1142,21.73,21.75,21.73,20.44,20.49,20.41,24.333998,24.34971,23.959282,22.21109,21.533926,20.855211
1143,21.8,21.8,21.56,20.36,20.44,20.51,24.271296,24.366695,23.984037,22.178703,21.447412,20.862103
1144,21.8,21.83,21.47,20.44,20.58,20.54,24.230597,24.352652,23.97089,22.125767,21.401773,20.870214
1145,21.85,21.8,21.44,20.46,20.54,20.56,24.209244,24.349669,23.960606,22.094036,21.376472,20.854036
1146,21.75,21.83,21.47,20.29,20.54,20.49,23.967283,23.993677,23.72381,22.159811,21.373417,20.737421
1147,21.85,21.85,21.54,20.34,20.51,20.56,23.721483,23.735472,23.552948,22.13795,21.321135,20.717787
1148,21.75,21.68,21.49,20.39,20.51,20.56,23.535257,23.620565,23.463432,22.071482,21.29266,20.65815
1149,21.85,21.78,21.51,20.34,20.44,20.41,23.205423,23.272444,23.158815,21.951931,21.095503,20.578342
1150,21.92,21.71,21.47,20.29,20.49,20.49,23.126972,23.315344,23.09975,21.796612,21.04064,20.62983
1151,21.66,21.73,21.47,20.36,20.56,20.51,23.01133,23.255451,23.050219,21.71456,21.029377,20.604668
1152,21.71,21.73,21.54,20.44,20.44,20.51,22.757318,22.934622,22.792046,21.62981,20.873613,20.508091
1153,21.85,21.68,21.54,20.56,20.56,20.46,22.683968,22.861229,22.697172,21.460234,20.881636,20.540771
1154,21.71,21.8,21.39,20.51,20.51,20.44,22.618668,22.87692,22.634665,21.285711,20.786442,20.591331
1155,21.75,21.68,21.37,20.68,20.41,20.46,22.660776,22.872927,22.58864,21.24958,20.801033,20.589928
1156,21.73,21.63,21.44,20.76,20.54,20.41,22.573196,22.897564,22.605541,21.14176,20.729177,20.57321
1157,21.63,21.78,21.39,20.71,20.54,20.51,22.513588,22.915619,22.59843,21.052765,20.677017,20.558037
1158,21.68,21.75,21.39,20.66,20.61,20.46,22.472445,22.89609,22.561129,20.988216,20.648268,20.559057
1159,21.63,21.75,21.44,20.61,20.46,20.39,22.494339,22.844854,22.515076,20.960999,20.670898,20.563164
1160,21.73,21.66,21.44,20.61,20.41,20.27,22.500257,22.813444,22.490273,20.958885,20.673552,20.532228
1161,21.63,21.73,21.44,20.63,20.39,20.36,22.452913,22.753893,22.438244,20.8994,20.646894,20.547318
1162,21.71,21.66,21.47,20.63,20.49,20.41,22.422928,22.738245,22.425173,20.853476,20.633566,20.533974
1163,21.59,21.66,21.44,20.66,20.44,20.46,22.4709,22.641287,22.3451,20.883104,20.717356,20.585938
1164,21.66,21.68,21.47,20.44,20.51,20.46,22.418865,22.556072,22.310255,20.874735,20.742437,20.593578
1165,21.73,21.66,21.35,20.46,20.46,20.39,22.351038,22.57566,22.321756,20.88126,20.700336,20.510899
1166,21.61,21.61,21.28,20.39,20.54,20.32,22.338356,22.493916,22.274578,20.848434,20.687534,20.555101
1167,21.59,21.49,21.47,20.34,20.29,20.36,22.261728,22.500553,22.278597,20.811768,20.672058,20.516373
1168,21.71,21.75,21.39,20.51,20.41,20.41,22.230406,22.38653,22.197674,20.805489,20.673368,20.547161
1169,21.61,21.75,21.35,20.36,20.29,20.32,22.314941,22.253302,21.996042,21.019035,20.706125,20.511951
1170,21.73,21.59,21.39,20.46,20.44,20.44,22.238146,22.093565,22.009892,21.004154,20.77973,20.601854
1171,21.59,21.61,21.23,20.34,20.34,20.39,22.113937,22.07397,21.976364,21.016695,20.77581,20.547775
1172,21.56,21.59,21.35,20.49,20.36,20.46,21.973316,21.886032,21.730505,21.230047,20.815348,20.474823
1173,21.61,21.61,21.23,20.49,20.41,20.34,21.98079,21.689516,21.718702,21.323505,20.845177,20.53326
1174,21.66,21.51,21.37,20.41,20.54,20.39,21.519636,21.569777,21.68011,21.336704,20.627436,20.396915
1175,21.61,21.51,21.3,20.36,20.56,20.34,21.348484,21.45785,21.61481,21.276901,20.683199,20.3983
1176,21.54,21.61,21.44,20.56,20.66,20.36,21.286644,21.3363,21.494692,21.27102,20.704357,20.436138
1177,21.47,21.68,21.3,20.76,20.68,20.49,21.19996,21.235413,21.378649,21.336132,20.73988,20.454678
1178,21.59,21.44,21.39,20.94,20.73,20.36,21.112104,21.160173,21.28357,21.425802,20.796164,20.47901
1179,21.51,21.63,21.32,21.03,20.63,20.44,21.040667,21.098976,21.215631,21.52763,20.850847,20.507261
1180,21.66,21.51,21.35,21.12,20.68,20.39,21.028637,21.086798,21.195343,21.641754,20.901361,20.531982
1181,21.54,21.49,21.32,21.14,20.63,20.34,21.008661,21.096859,21.195683,21.718275,20.956312,20.570347
1182,21.54,21.54,21.37,21.03,20.68,20.39,20.936474,21.095766,21.196394,21.762604,21.020092,20.63887
1183,21.66,21.49,21.32,21.0,20.66,20.39,20.861326,21.11248,21.219088,21.809366,21.091347,20.698603
1184,21.49,21.49,21.35,20.89,20.61,20.39,20.799885,21.128204,21.261995,21.847677,21.174871,20.750565
1185,21.61,21.61,21.42,21.25,20.58,20.36,20.738293,21.136162,21.298994,21.877121,21.258947,20.80526
1186,21.54,21.54,21.42,20.82,20.61,21.87,20.666594,21.135757,21.330437,21.885815,21.338638,20.860039
1187,21.49,21.47,21.35,20.68,20.56,20.34,20.69606,21.162766,21.377985,21.913143,21.38249,20.873222
1188,21.42,21.59,21.35,20.68,20.46,20.51,20.700388,21.195175,21.417019,21.935556,21.433308,20.899237
1189,21.56,21.39,21.23,20.58,20.44,20.44,20.750967,21.21515,21.443186,21.952282,21.451687,20.913023
1190,23.41,21.37,21.37,20.66,20.46,20.34,20.801886,21.233273,21.459097,21.966251,21.459728,20.915735
1191,21.59,21.61,21.28,20.51,20.49,20.22,20.89367,21.227795,21.460953,21.962162,21.439175,20.917229
1192,21.44,21.42,21.3,20.73,20.56,20.27,20.86075,21.262077,21.475729,21.971588,21.481117,20.920683
1193,21.37,21.42,21.19,20.51,20.49,20.27,20.796371,21.255157,21.489243,21.96268,21.52755,20.957556
1194,21.51,21.44,21.25,20.46,20.54,20.32,20.706211,21.277916,21.523575,21.949041,21.571398,20.99074
1195,21.47,21.54,21.21,20.56,20.46,20.27,20.661163,21.306082,21.565931,21.960197,21.604567,21.01693
1196,21.37,21.56,21.23,20.54,20.61,20.34,20.778807,21.28065,21.562443,21.977566,21.578289,21.016525
1197,21.44,21.44,21.25,20.51,20.41,20.39,20.877577,21.279926,21.554897,21.99327,21.555834,20.997894
1198,21.42,21.44,21.16,20.36,20.44,20.29,20.958399,21.298494,21.55728,21.980793,21.52234,20.961802
1199,21.49,21.39,21.21,20.61,20.51,20.49,21.031654,21.31062,21.553658,21.963163,21.47932,20.925179
